INFO:     Will watch for changes in these directories: ['C:\\proycato-de-areroinea\\SkyAnalytics\\backend']
INFO:     Uvicorn running on http://127.0.0.1:8001 (Press CTRL+C to quit)
INFO:     Started reloader process [8468] using WatchFiles
INFO:     Started server process [32324]
INFO:     Waiting for application startup.
INFO:     Application startup complete.
INFO:skyanalytics.request:GET /operations -> 307 (2.5 ms)
INFO:     127.0.0.1:60574 - "GET /operations?limit=50 HTTP/1.1" 307 Temporary Redirect
ERROR:middleware.errors:Error no controlado: 18 validation errors for PaginatedPasajeros
items.0.tarjeta_credito
  Value error, N·mero de tarjeta de crÚdito invßlido (Luhn checksum fallo) [type=value_error, input_value='4532-2972-9383-2864', input_type=str]
    For further information visit https://errors.pydantic.dev/2.13/v/value_error
items.0.tarjeta_debito
  Value error, N·mero de tarjeta de dÚbito invßlido (Luhn checksum fallo) [type=value_error, input_value='5233-2995-2705-3961', input_type=str]
    For further information visit https://errors.pydantic.dev/2.13/v/value_error
items.1.tarjeta_credito
  Value error, N·mero de tarjeta de crÚdito invßlido (Luhn checksum fallo) [type=value_error, input_value='4532-7893-1157-5161', input_type=str]
    For further information visit https://errors.pydantic.dev/2.13/v/value_error
items.1.tarjeta_debito
  Value error, N·mero de tarjeta de dÚbito invßlido (Luhn checksum fallo) [type=value_error, input_value='5233-2861-9901-7234', input_type=str]
    For further information visit https://errors.pydantic.dev/2.13/v/value_error
items.2.tarjeta_debito
  Value error, N·mero de tarjeta de dÚbito invßlido (Luhn checksum fallo) [type=value_error, input_value='5233-5248-6615-2420', input_type=str]
    For further information visit https://errors.pydantic.dev/2.13/v/value_error
items.3.tarjeta_credito
  Value error, N·mero de tarjeta de crÚdito invßlido (Luhn checksum fallo) [type=value_error, input_value='4532-1379-5042-7895', input_type=str]
    For further information visit https://errors.pydantic.dev/2.13/v/value_error
items.3.tarjeta_debito
  Value error, N·mero de tarjeta de dÚbito invßlido (Luhn checksum fallo) [type=value_error, input_value='5233-4227-9655-8337', input_type=str]
    For further information visit https://errors.pydantic.dev/2.13/v/value_error
items.4.tarjeta_credito
  Value error, N·mero de tarjeta de crÚdito invßlido (Luhn checksum fallo) [type=value_error, input_value='4532-6202-7550-2941', input_type=str]
    For further information visit https://errors.pydantic.dev/2.13/v/value_error
items.4.tarjeta_debito
  Value error, N·mero de tarjeta de dÚbito invßlido (Luhn checksum fallo) [type=value_error, input_value='5233-7399-9334-8570', input_type=str]
    For further information visit https://errors.pydantic.dev/2.13/v/value_error
items.5.tarjeta_credito
  Value error, N·mero de tarjeta de crÚdito invßlido (Luhn checksum fallo) [type=value_error, input_value='4532-5916-9438-5056', input_type=str]
    For further information visit https://errors.pydantic.dev/2.13/v/value_error
items.5.tarjeta_debito
  Value error, N·mero de tarjeta de dÚbito invßlido (Luhn checksum fallo) [type=value_error, input_value='5233-8483-8262-5885', input_type=str]
    For further information visit https://errors.pydantic.dev/2.13/v/value_error
items.6.tarjeta_credito
  Value error, N·mero de tarjeta de crÚdito invßlido (Luhn checksum fallo) [type=value_error, input_value='4532-7242-7358-4943', input_type=str]
    For further information visit https://errors.pydantic.dev/2.13/v/value_error
items.6.tarjeta_debito
  Value error, N·mero de tarjeta de dÚbito invßlido (Luhn checksum fallo) [type=value_error, input_value='5233-5901-4763-3198', input_type=str]
    For further information visit https://errors.pydantic.dev/2.13/v/value_error
items.7.tarjeta_credito
  Value error, N·mero de tarjeta de crÚdito invßlido (Luhn checksum fallo) [type=value_error, input_value='4532-1682-2727-5530', input_type=str]
    For further information visit https://errors.pydantic.dev/2.13/v/value_error
items.8.tarjeta_credito
  Value error, N·mero de tarjeta de crÚdito invßlido (Luhn checksum fallo) [type=value_error, input_value='4532-5323-9989-2579', input_type=str]
    For further information visit https://errors.pydantic.dev/2.13/v/value_error
items.8.tarjeta_debito
  Value error, N·mero de tarjeta de dÚbito invßlido (Luhn checksum fallo) [type=value_error, input_value='5233-5703-2812-6441', input_type=str]
    For further information visit https://errors.pydantic.dev/2.13/v/value_error
items.9.tarjeta_credito
  Value error, N·mero de tarjeta de crÚdito invßlido (Luhn checksum fallo) [type=value_error, input_value='4532-8052-9065-6720', input_type=str]
    For further information visit https://errors.pydantic.dev/2.13/v/value_error
items.9.tarjeta_debito
  Value error, N·mero de tarjeta de dÚbito invßlido (Luhn checksum fallo) [type=value_error, input_value='5233-5323-5438-4053', input_type=str]
    For further information visit https://errors.pydantic.dev/2.13/v/value_error
  + Exception Group Traceback (most recent call last):
  |   File "C:\Users\hhoyos\AppData\Local\Programs\Python\Python314\Lib\site-packages\starlette\_utils.py", line 81, in collapse_excgroups
  |     yield
  |   File "C:\Users\hhoyos\AppData\Local\Programs\Python\Python314\Lib\site-packages\starlette\middleware\base.py", line 192, in __call__
  |     async with anyio.create_task_group() as task_group:
  |                ~~~~~~~~~~~~~~~~~~~~~~~^^
  |   File "C:\Users\hhoyos\AppData\Local\Programs\Python\Python314\Lib\site-packages\anyio\_backends\_asyncio.py", line 799, in __aexit__
  |     raise BaseExceptionGroup(
  |         "unhandled errors in a TaskGroup", self._exceptions
  |     ) from None
  | ExceptionGroup: unhandled errors in a TaskGroup (1 sub-exception)
  +-+---------------- 1 ----------------
    | Traceback (most recent call last):
    |   File "C:\Users\hhoyos\AppData\Local\Programs\Python\Python314\Lib\site-packages\starlette\middleware\errors.py", line 164, in __call__
    |     await self.app(scope, receive, _send)
    |   File "C:\Users\hhoyos\AppData\Local\Programs\Python\Python314\Lib\site-packages\starlette\middleware\cors.py", line 96, in __call__
    |     await self.simple_response(scope, receive, send, request_headers=headers)
    |   File "C:\Users\hhoyos\AppData\Local\Programs\Python\Python314\Lib\site-packages\starlette\middleware\cors.py", line 154, in simple_response
    |     await self.app(scope, receive, send)
    |   File "C:\Users\hhoyos\AppData\Local\Programs\Python\Python314\Lib\site-packages\starlette\middleware\base.py", line 191, in __call__
    |     with recv_stream, send_stream, collapse_excgroups():
    |                                    ~~~~~~~~~~~~~~~~~~^^
    |   File "C:\Users\hhoyos\AppData\Local\Programs\Python\Python314\Lib\contextlib.py", line 162, in __exit__
    |     self.gen.throw(value)
    |     ~~~~~~~~~~~~~~^^^^^^^
    |   File "C:\Users\hhoyos\AppData\Local\Programs\Python\Python314\Lib\site-packages\starlette\_utils.py", line 87, in collapse_excgroups
    |     raise exc
    |   File "C:\Users\hhoyos\AppData\Local\Programs\Python\Python314\Lib\site-packages\starlette\middleware\base.py", line 193, in __call__
    |     response = await self.dispatch_func(request, call_next)
    |                ^^^^^^^^^^^^^^^^^^^^^^^^^^^^^^^^^^^^^^^^^^^^
    |   File "C:\proycato-de-areroinea\SkyAnalytics\backend\middleware\logging_middleware.py", line 18, in dispatch
    |     response = await call_next(request)
    |                ^^^^^^^^^^^^^^^^^^^^^^^^
    |   File "C:\Users\hhoyos\AppData\Local\Programs\Python\Python314\Lib\site-packages\starlette\middleware\base.py", line 168, in call_next
    |     raise app_exc from app_exc.__cause__ or app_exc.__context__
    |   File "C:\Users\hhoyos\AppData\Local\Programs\Python\Python314\Lib\site-packages\starlette\middleware\base.py", line 144, in coro
    |     await self.app(scope, receive_or_disconnect, send_no_error)
    |   File "C:\Users\hhoyos\AppData\Local\Programs\Python\Python314\Lib\site-packages\starlette\middleware\base.py", line 191, in __call__
    |     with recv_stream, send_stream, collapse_excgroups():
    |                                    ~~~~~~~~~~~~~~~~~~^^
    |   File "C:\Users\hhoyos\AppData\Local\Programs\Python\Python314\Lib\contextlib.py", line 162, in __exit__
    |     self.gen.throw(value)
    |     ~~~~~~~~~~~~~~^^^^^^^
    |   File "C:\Users\hhoyos\AppData\Local\Programs\Python\Python314\Lib\site-packages\starlette\_utils.py", line 87, in collapse_excgroups
    |     raise exc
    |   File "C:\Users\hhoyos\AppData\Local\Programs\Python\Python314\Lib\site-packages\starlette\middleware\base.py", line 193, in __call__
    |     response = await self.dispatch_func(request, call_next)
    |                ^^^^^^^^^^^^^^^^^^^^^^^^^^^^^^^^^^^^^^^^^^^^
    |   File "C:\Users\hhoyos\AppData\Local\Programs\Python\Python314\Lib\site-packages\slowapi\middleware.py", line 136, in dispatch
    |     response = await call_next(request)
    |                ^^^^^^^^^^^^^^^^^^^^^^^^
    |   File "C:\Users\hhoyos\AppData\Local\Programs\Python\Python314\Lib\site-packages\starlette\middleware\base.py", line 168, in call_next
    |     raise app_exc from app_exc.__cause__ or app_exc.__context__
    |   File "C:\Users\hhoyos\AppData\Local\Programs\Python\Python314\Lib\site-packages\starlette\middleware\base.py", line 144, in coro
    |     await self.app(scope, receive_or_disconnect, send_no_error)
    |   File "C:\Users\hhoyos\AppData\Local\Programs\Python\Python314\Lib\site-packages\starlette\middleware\exceptions.py", line 63, in __call__
    |     await wrap_app_handling_exceptions(self.app, conn)(scope, receive, send)
    |   File "C:\Users\hhoyos\AppData\Local\Programs\Python\Python314\Lib\site-packages\starlette\_exception_handler.py", line 53, in wrapped_app
    |     raise exc
    |   File "C:\Users\hhoyos\AppData\Local\Programs\Python\Python314\Lib\site-packages\starlette\_exception_handler.py", line 42, in wrapped_app
    |     await app(scope, receive, sender)
    |   File "C:\Users\hhoyos\AppData\Local\Programs\Python\Python314\Lib\site-packages\fastapi\middleware\asyncexitstack.py", line 18, in __call__
    |     await self.app(scope, receive, send)
    |   File "C:\Users\hhoyos\AppData\Local\Programs\Python\Python314\Lib\site-packages\starlette\routing.py", line 660, in __call__
    |     await self.middleware_stack(scope, receive, send)
    |   File "C:\Users\hhoyos\AppData\Local\Programs\Python\Python314\Lib\site-packages\starlette\routing.py", line 680, in app
    |     await route.handle(scope, receive, send)
    |   File "C:\Users\hhoyos\AppData\Local\Programs\Python\Python314\Lib\site-packages\starlette\routing.py", line 276, in handle
    |     await self.app(scope, receive, send)
    |   File "C:\Users\hhoyos\AppData\Local\Programs\Python\Python314\Lib\site-packages\fastapi\routing.py", line 134, in app
    |     await wrap_app_handling_exceptions(app, request)(scope, receive, send)
    |   File "C:\Users\hhoyos\AppData\Local\Programs\Python\Python314\Lib\site-packages\starlette\_exception_handler.py", line 53, in wrapped_app
    |     raise exc
    |   File "C:\Users\hhoyos\AppData\Local\Programs\Python\Python314\Lib\site-packages\starlette\_exception_handler.py", line 42, in wrapped_app
    |     await app(scope, receive, sender)
    |   File "C:\Users\hhoyos\AppData\Local\Programs\Python\Python314\Lib\site-packages\fastapi\routing.py", line 120, in app
    |     response = await f(request)
    |                ^^^^^^^^^^^^^^^^
    |   File "C:\Users\hhoyos\AppData\Local\Programs\Python\Python314\Lib\site-packages\fastapi\routing.py", line 674, in app
    |     raw_response = await run_endpoint_function(
    |                    ^^^^^^^^^^^^^^^^^^^^^^^^^^^^
    |     ...<3 lines>...
    |     )
    |     ^
    |   File "C:\Users\hhoyos\AppData\Local\Programs\Python\Python314\Lib\site-packages\fastapi\routing.py", line 328, in run_endpoint_function
    |     return await dependant.call(**values)
    |            ^^^^^^^^^^^^^^^^^^^^^^^^^^^^^^
    |   File "C:\proycato-de-areroinea\SkyAnalytics\backend\routers\pasajeros.py", line 86, in listar_pasajeros
    |     return PaginatedPasajeros(items=pasajeros, pagination=pagination)
    |   File "C:\Users\hhoyos\AppData\Local\Programs\Python\Python314\Lib\site-packages\pydantic\main.py", line 263, in __init__
    |     validated_self = self.__pydantic_validator__.validate_python(data, self_instance=self)
    | pydantic_core._pydantic_core.ValidationError: 18 validation errors for PaginatedPasajeros
    | items.0.tarjeta_credito
    |   Value error, N·mero de tarjeta de crÚdito invßlido (Luhn checksum fallo) [type=value_error, input_value='4532-2972-9383-2864', input_type=str]
    |     For further information visit https://errors.pydantic.dev/2.13/v/value_error
    | items.0.tarjeta_debito
    |   Value error, N·mero de tarjeta de dÚbito invßlido (Luhn checksum fallo) [type=value_error, input_value='5233-2995-2705-3961', input_type=str]
    |     For further information visit https://errors.pydantic.dev/2.13/v/value_error
    | items.1.tarjeta_credito
    |   Value error, N·mero de tarjeta de crÚdito invßlido (Luhn checksum fallo) [type=value_error, input_value='4532-7893-1157-5161', input_type=str]
    |     For further information visit https://errors.pydantic.dev/2.13/v/value_error
    | items.1.tarjeta_debito
    |   Value error, N·mero de tarjeta de dÚbito invßlido (Luhn checksum fallo) [type=value_error, input_value='5233-2861-9901-7234', input_type=str]
    |     For further information visit https://errors.pydantic.dev/2.13/v/value_error
    | items.2.tarjeta_debito
    |   Value error, N·mero de tarjeta de dÚbito invßlido (Luhn checksum fallo) [type=value_error, input_value='5233-5248-6615-2420', input_type=str]
    |     For further information visit https://errors.pydantic.dev/2.13/v/value_error
    | items.3.tarjeta_credito
    |   Value error, N·mero de tarjeta de crÚdito invßlido (Luhn checksum fallo) [type=value_error, input_value='4532-1379-5042-7895', input_type=str]
    |     For further information visit https://errors.pydantic.dev/2.13/v/value_error
    | items.3.tarjeta_debito
    |   Value error, N·mero de tarjeta de dÚbito invßlido (Luhn checksum fallo) [type=value_error, input_value='5233-4227-9655-8337', input_type=str]
    |     For further information visit https://errors.pydantic.dev/2.13/v/value_error
    | items.4.tarjeta_credito
    |   Value error, N·mero de tarjeta de crÚdito invßlido (Luhn checksum fallo) [type=value_error, input_value='4532-6202-7550-2941', input_type=str]
    |     For further information visit https://errors.pydantic.dev/2.13/v/value_error
    | items.4.tarjeta_debito
    |   Value error, N·mero de tarjeta de dÚbito invßlido (Luhn checksum fallo) [type=value_error, input_value='5233-7399-9334-8570', input_type=str]
    |     For further information visit https://errors.pydantic.dev/2.13/v/value_error
    | items.5.tarjeta_credito
    |   Value error, N·mero de tarjeta de crÚdito invßlido (Luhn checksum fallo) [type=value_error, input_value='4532-5916-9438-5056', input_type=str]
    |     For further information visit https://errors.pydantic.dev/2.13/v/value_error
    | items.5.tarjeta_debito
    |   Value error, N·mero de tarjeta de dÚbito invßlido (Luhn checksum fallo) [type=value_error, input_value='5233-8483-8262-5885', input_type=str]
    |     For further information visit https://errors.pydantic.dev/2.13/v/value_error
    | items.6.tarjeta_credito
    |   Value error, N·mero de tarjeta de crÚdito invßlido (Luhn checksum fallo) [type=value_error, input_value='4532-7242-7358-4943', input_type=str]
    |     For further information visit https://errors.pydantic.dev/2.13/v/value_error
    | items.6.tarjeta_debito
    |   Value error, N·mero de tarjeta de dÚbito invßlido (Luhn checksum fallo) [type=value_error, input_value='5233-5901-4763-3198', input_type=str]
    |     For further information visit https://errors.pydantic.dev/2.13/v/value_error
    | items.7.tarjeta_credito
    |   Value error, N·mero de tarjeta de crÚdito invßlido (Luhn checksum fallo) [type=value_error, input_value='4532-1682-2727-5530', input_type=str]
    |     For further information visit https://errors.pydantic.dev/2.13/v/value_error
    | items.8.tarjeta_credito
    |   Value error, N·mero de tarjeta de crÚdito invßlido (Luhn checksum fallo) [type=value_error, input_value='4532-5323-9989-2579', input_type=str]
    |     For further information visit https://errors.pydantic.dev/2.13/v/value_error
    | items.8.tarjeta_debito
    |   Value error, N·mero de tarjeta de dÚbito invßlido (Luhn checksum fallo) [type=value_error, input_value='5233-5703-2812-6441', input_type=str]
    |     For further information visit https://errors.pydantic.dev/2.13/v/value_error
    | items.9.tarjeta_credito
    |   Value error, N·mero de tarjeta de crÚdito invßlido (Luhn checksum fallo) [type=value_error, input_value='4532-8052-9065-6720', input_type=str]
    |     For further information visit https://errors.pydantic.dev/2.13/v/value_error
    | items.9.tarjeta_debito
    |   Value error, N·mero de tarjeta de dÚbito invßlido (Luhn checksum fallo) [type=value_error, input_value='5233-5323-5438-4053', input_type=str]
    |     For further information visit https://errors.pydantic.dev/2.13/v/value_error
    +------------------------------------

The above exception was the direct cause of the following exception:

Traceback (most recent call last):
  File "C:\Users\hhoyos\AppData\Local\Programs\Python\Python314\Lib\site-packages\starlette\middleware\errors.py", line 164, in __call__
    await self.app(scope, receive, _send)
  File "C:\Users\hhoyos\AppData\Local\Programs\Python\Python314\Lib\site-packages\starlette\middleware\cors.py", line 96, in __call__
    await self.simple_response(scope, receive, send, request_headers=headers)
  File "C:\Users\hhoyos\AppData\Local\Programs\Python\Python314\Lib\site-packages\starlette\middleware\cors.py", line 154, in simple_response
    await self.app(scope, receive, send)
  File "C:\Users\hhoyos\AppData\Local\Programs\Python\Python314\Lib\site-packages\starlette\middleware\base.py", line 191, in __call__
    with recv_stream, send_stream, collapse_excgroups():
                                   ~~~~~~~~~~~~~~~~~~^^
  File "C:\Users\hhoyos\AppData\Local\Programs\Python\Python314\Lib\contextlib.py", line 162, in __exit__
    self.gen.throw(value)
    ~~~~~~~~~~~~~~^^^^^^^
  File "C:\Users\hhoyos\AppData\Local\Programs\Python\Python314\Lib\site-packages\starlette\_utils.py", line 87, in collapse_excgroups
    raise exc
  File "C:\Users\hhoyos\AppData\Local\Programs\Python\Python314\Lib\site-packages\starlette\middleware\base.py", line 193, in __call__
    response = await self.dispatch_func(request, call_next)
               ^^^^^^^^^^^^^^^^^^^^^^^^^^^^^^^^^^^^^^^^^^^^
  File "C:\proycato-de-areroinea\SkyAnalytics\backend\middleware\logging_middleware.py", line 18, in dispatch
    response = await call_next(request)
               ^^^^^^^^^^^^^^^^^^^^^^^^
  File "C:\Users\hhoyos\AppData\Local\Programs\Python\Python314\Lib\site-packages\starlette\middleware\base.py", line 168, in call_next
    raise app_exc from app_exc.__cause__ or app_exc.__context__
  File "C:\Users\hhoyos\AppData\Local\Programs\Python\Python314\Lib\site-packages\starlette\middleware\base.py", line 144, in coro
    await self.app(scope, receive_or_disconnect, send_no_error)
  File "C:\Users\hhoyos\AppData\Local\Programs\Python\Python314\Lib\site-packages\starlette\middleware\base.py", line 191, in __call__
    with recv_stream, send_stream, collapse_excgroups():
                                   ~~~~~~~~~~~~~~~~~~^^
  File "C:\Users\hhoyos\AppData\Local\Programs\Python\Python314\Lib\contextlib.py", line 162, in __exit__
    self.gen.throw(value)
    ~~~~~~~~~~~~~~^^^^^^^
  File "C:\Users\hhoyos\AppData\Local\Programs\Python\Python314\Lib\site-packages\starlette\_utils.py", line 87, in collapse_excgroups
    raise exc
  File "C:\Users\hhoyos\AppData\Local\Programs\Python\Python314\Lib\site-packages\starlette\middleware\base.py", line 193, in __call__
    response = await self.dispatch_func(request, call_next)
               ^^^^^^^^^^^^^^^^^^^^^^^^^^^^^^^^^^^^^^^^^^^^
  File "C:\Users\hhoyos\AppData\Local\Programs\Python\Python314\Lib\site-packages\slowapi\middleware.py", line 136, in dispatch
    response = await call_next(request)
               ^^^^^^^^^^^^^^^^^^^^^^^^
  File "C:\Users\hhoyos\AppData\Local\Programs\Python\Python314\Lib\site-packages\starlette\middleware\base.py", line 168, in call_next
    raise app_exc from app_exc.__cause__ or app_exc.__context__
  File "C:\Users\hhoyos\AppData\Local\Programs\Python\Python314\Lib\site-packages\starlette\middleware\base.py", line 144, in coro
    await self.app(scope, receive_or_disconnect, send_no_error)
  File "C:\Users\hhoyos\AppData\Local\Programs\Python\Python314\Lib\site-packages\starlette\middleware\exceptions.py", line 63, in __call__
    await wrap_app_handling_exceptions(self.app, conn)(scope, receive, send)
  File "C:\Users\hhoyos\AppData\Local\Programs\Python\Python314\Lib\site-packages\starlette\_exception_handler.py", line 53, in wrapped_app
    raise exc
  File "C:\Users\hhoyos\AppData\Local\Programs\Python\Python314\Lib\site-packages\starlette\_exception_handler.py", line 42, in wrapped_app
    await app(scope, receive, sender)
  File "C:\Users\hhoyos\AppData\Local\Programs\Python\Python314\Lib\site-packages\fastapi\middleware\asyncexitstack.py", line 18, in __call__
    await self.app(scope, receive, send)
  File "C:\Users\hhoyos\AppData\Local\Programs\Python\Python314\Lib\site-packages\starlette\routing.py", line 660, in __call__
    await self.middleware_stack(scope, receive, send)
  File "C:\Users\hhoyos\AppData\Local\Programs\Python\Python314\Lib\site-packages\starlette\routing.py", line 680, in app
    await route.handle(scope, receive, send)
  File "C:\Users\hhoyos\AppData\Local\Programs\Python\Python314\Lib\site-packages\starlette\routing.py", line 276, in handle
    await self.app(scope, receive, send)
  File "C:\Users\hhoyos\AppData\Local\Programs\Python\Python314\Lib\site-packages\fastapi\routing.py", line 134, in app
    await wrap_app_handling_exceptions(app, request)(scope, receive, send)
  File "C:\Users\hhoyos\AppData\Local\Programs\Python\Python314\Lib\site-packages\starlette\_exception_handler.py", line 53, in wrapped_app
    raise exc
  File "C:\Users\hhoyos\AppData\Local\Programs\Python\Python314\Lib\site-packages\starlette\_exception_handler.py", line 42, in wrapped_app
    await app(scope, receive, sender)
  File "C:\Users\hhoyos\AppData\Local\Programs\Python\Python314\Lib\site-packages\fastapi\routing.py", line 120, in app
    response = await f(request)
               ^^^^^^^^^^^^^^^^
  File "C:\Users\hhoyos\AppData\Local\Programs\Python\Python314\Lib\site-packages\fastapi\routing.py", line 674, in app
    raw_response = await run_endpoint_function(
                   ^^^^^^^^^^^^^^^^^^^^^^^^^^^^
    ...<3 lines>...
    )
    ^
  File "C:\Users\hhoyos\AppData\Local\Programs\Python\Python314\Lib\site-packages\fastapi\routing.py", line 328, in run_endpoint_function
    return await dependant.call(**values)
           ^^^^^^^^^^^^^^^^^^^^^^^^^^^^^^
  File "C:\proycato-de-areroinea\SkyAnalytics\backend\routers\pasajeros.py", line 86, in listar_pasajeros
    return PaginatedPasajeros(items=pasajeros, pagination=pagination)
  File "C:\Users\hhoyos\AppData\Local\Programs\Python\Python314\Lib\site-packages\pydantic\main.py", line 263, in __init__
    validated_self = self.__pydantic_validator__.validate_python(data, self_instance=self)
pydantic_core._pydantic_core.ValidationError: 18 validation errors for PaginatedPasajeros
items.0.tarjeta_credito
  Value error, N·mero de tarjeta de crÚdito invßlido (Luhn checksum fallo) [type=value_error, input_value='4532-2972-9383-2864', input_type=str]
    For further information visit https://errors.pydantic.dev/2.13/v/value_error
items.0.tarjeta_debito
  Value error, N·mero de tarjeta de dÚbito invßlido (Luhn checksum fallo) [type=value_error, input_value='5233-2995-2705-3961', input_type=str]
    For further information visit https://errors.pydantic.dev/2.13/v/value_error
items.1.tarjeta_credito
  Value error, N·mero de tarjeta de crÚdito invßlido (Luhn checksum fallo) [type=value_error, input_value='4532-7893-1157-5161', input_type=str]
    For further information visit https://errors.pydantic.dev/2.13/v/value_error
items.1.tarjeta_debito
  Value error, N·mero de tarjeta de dÚbito invßlido (Luhn checksum fallo) [type=value_error, input_value='5233-2861-9901-7234', input_type=str]
    For further information visit https://errors.pydantic.dev/2.13/v/value_error
items.2.tarjeta_debito
  Value error, N·mero de tarjeta de dÚbito invßlido (Luhn checksum fallo) [type=value_error, input_value='5233-5248-6615-2420', input_type=str]
    For further information visit https://errors.pydantic.dev/2.13/v/value_error
items.3.tarjeta_credito
  Value error, N·mero de tarjeta de crÚdito invßlido (Luhn checksum fallo) [type=value_error, input_value='4532-1379-5042-7895', input_type=str]
    For further information visit https://errors.pydantic.dev/2.13/v/value_error
items.3.tarjeta_debito
  Value error, N·mero de tarjeta de dÚbito invßlido (Luhn checksum fallo) [type=value_error, input_value='5233-4227-9655-8337', input_type=str]
    For further information visit https://errors.pydantic.dev/2.13/v/value_error
items.4.tarjeta_credito
  Value error, N·mero de tarjeta de crÚdito invßlido (Luhn checksum fallo) [type=value_error, input_value='4532-6202-7550-2941', input_type=str]
    For further information visit https://errors.pydantic.dev/2.13/v/value_error
items.4.tarjeta_debito
  Value error, N·mero de tarjeta de dÚbito invßlido (Luhn checksum fallo) [type=value_error, input_value='5233-7399-9334-8570', input_type=str]
    For further information visit https://errors.pydantic.dev/2.13/v/value_error
items.5.tarjeta_credito
  Value error, N·mero de tarjeta de crÚdito invßlido (Luhn checksum fallo) [type=value_error, input_value='4532-5916-9438-5056', input_type=str]
    For further information visit https://errors.pydantic.dev/2.13/v/value_error
items.5.tarjeta_debito
  Value error, N·mero de tarjeta de dÚbito invßlido (Luhn checksum fallo) [type=value_error, input_value='5233-8483-8262-5885', input_type=str]
    For further information visit https://errors.pydantic.dev/2.13/v/value_error
items.6.tarjeta_credito
  Value error, N·mero de tarjeta de crÚdito invßlido (Luhn checksum fallo) [type=value_error, input_value='4532-7242-7358-4943', input_type=str]
    For further information visit https://errors.pydantic.dev/2.13/v/value_error
items.6.tarjeta_debito
  Value error, N·mero de tarjeta de dÚbito invßlido (Luhn checksum fallo) [type=value_error, input_value='5233-5901-4763-3198', input_type=str]
    For further information visit https://errors.pydantic.dev/2.13/v/value_error
items.7.tarjeta_credito
  Value error, N·mero de tarjeta de crÚdito invßlido (Luhn checksum fallo) [type=value_error, input_value='4532-1682-2727-5530', input_type=str]
    For further information visit https://errors.pydantic.dev/2.13/v/value_error
items.8.tarjeta_credito
  Value error, N·mero de tarjeta de crÚdito invßlido (Luhn checksum fallo) [type=value_error, input_value='4532-5323-9989-2579', input_type=str]
    For further information visit https://errors.pydantic.dev/2.13/v/value_error
items.8.tarjeta_debito
  Value error, N·mero de tarjeta de dÚbito invßlido (Luhn checksum fallo) [type=value_error, input_value='5233-5703-2812-6441', input_type=str]
    For further information visit https://errors.pydantic.dev/2.13/v/value_error
items.9.tarjeta_credito
  Value error, N·mero de tarjeta de crÚdito invßlido (Luhn checksum fallo) [type=value_error, input_value='4532-8052-9065-6720', input_type=str]
    For further information visit https://errors.pydantic.dev/2.13/v/value_error
items.9.tarjeta_debito
  Value error, N·mero de tarjeta de dÚbito invßlido (Luhn checksum fallo) [type=value_error, input_value='5233-5323-5438-4053', input_type=str]
    For further information visit https://errors.pydantic.dev/2.13/v/value_error
INFO:     127.0.0.1:52971 - "GET /pasajeros?limit=50 HTTP/1.1" 500 Internal Server Error
ERROR:    Exception in ASGI application
  + Exception Group Traceback (most recent call last):
  |   File "C:\Users\hhoyos\AppData\Local\Programs\Python\Python314\Lib\site-packages\starlette\_utils.py", line 81, in collapse_excgroups
  |     yield
  |   File "C:\Users\hhoyos\AppData\Local\Programs\Python\Python314\Lib\site-packages\starlette\middleware\base.py", line 192, in __call__
  |     async with anyio.create_task_group() as task_group:
  |                ~~~~~~~~~~~~~~~~~~~~~~~^^
  |   File "C:\Users\hhoyos\AppData\Local\Programs\Python\Python314\Lib\site-packages\anyio\_backends\_asyncio.py", line 799, in __aexit__
  |     raise BaseExceptionGroup(
  |         "unhandled errors in a TaskGroup", self._exceptions
  |     ) from None
  | ExceptionGroup: unhandled errors in a TaskGroup (1 sub-exception)
  +-+---------------- 1 ----------------
    | Traceback (most recent call last):
    |   File "C:\Users\hhoyos\AppData\Local\Programs\Python\Python314\Lib\site-packages\uvicorn\protocols\http\httptools_impl.py", line 421, in run_asgi
    |     result = await app(  # type: ignore[func-returns-value]
    |              ^^^^^^^^^^^^^^^^^^^^^^^^^^^^^^^^^^^^^^^^^^^^^^
    |         self.scope, self.receive, self.send
    |         ^^^^^^^^^^^^^^^^^^^^^^^^^^^^^^^^^^^
    |     )
    |     ^
    |   File "C:\Users\hhoyos\AppData\Local\Programs\Python\Python314\Lib\site-packages\uvicorn\middleware\proxy_headers.py", line 56, in __call__
    |     return await self.app(scope, receive, send)
    |            ^^^^^^^^^^^^^^^^^^^^^^^^^^^^^^^^^^^^
    |   File "C:\Users\hhoyos\AppData\Local\Programs\Python\Python314\Lib\site-packages\fastapi\applications.py", line 1159, in __call__
    |     await super().__call__(scope, receive, send)
    |   File "C:\Users\hhoyos\AppData\Local\Programs\Python\Python314\Lib\site-packages\starlette\applications.py", line 90, in __call__
    |     await self.middleware_stack(scope, receive, send)
    |   File "C:\Users\hhoyos\AppData\Local\Programs\Python\Python314\Lib\site-packages\starlette\middleware\errors.py", line 186, in __call__
    |     raise exc
    |   File "C:\Users\hhoyos\AppData\Local\Programs\Python\Python314\Lib\site-packages\starlette\middleware\errors.py", line 164, in __call__
    |     await self.app(scope, receive, _send)
    |   File "C:\Users\hhoyos\AppData\Local\Programs\Python\Python314\Lib\site-packages\starlette\middleware\cors.py", line 96, in __call__
    |     await self.simple_response(scope, receive, send, request_headers=headers)
    |   File "C:\Users\hhoyos\AppData\Local\Programs\Python\Python314\Lib\site-packages\starlette\middleware\cors.py", line 154, in simple_response
    |     await self.app(scope, receive, send)
    |   File "C:\Users\hhoyos\AppData\Local\Programs\Python\Python314\Lib\site-packages\starlette\middleware\base.py", line 191, in __call__
    |     with recv_stream, send_stream, collapse_excgroups():
    |                                    ~~~~~~~~~~~~~~~~~~^^
    |   File "C:\Users\hhoyos\AppData\Local\Programs\Python\Python314\Lib\contextlib.py", line 162, in __exit__
    |     self.gen.throw(value)
    |     ~~~~~~~~~~~~~~^^^^^^^
    |   File "C:\Users\hhoyos\AppData\Local\Programs\Python\Python314\Lib\site-packages\starlette\_utils.py", line 87, in collapse_excgroups
    |     raise exc
    |   File "C:\Users\hhoyos\AppData\Local\Programs\Python\Python314\Lib\site-packages\starlette\middleware\base.py", line 193, in __call__
    |     response = await self.dispatch_func(request, call_next)
    |                ^^^^^^^^^^^^^^^^^^^^^^^^^^^^^^^^^^^^^^^^^^^^
    |   File "C:\proycato-de-areroinea\SkyAnalytics\backend\middleware\logging_middleware.py", line 18, in dispatch
    |     response = await call_next(request)
    |                ^^^^^^^^^^^^^^^^^^^^^^^^
    |   File "C:\Users\hhoyos\AppData\Local\Programs\Python\Python314\Lib\site-packages\starlette\middleware\base.py", line 168, in call_next
    |     raise app_exc from app_exc.__cause__ or app_exc.__context__
    |   File "C:\Users\hhoyos\AppData\Local\Programs\Python\Python314\Lib\site-packages\starlette\middleware\base.py", line 144, in coro
    |     await self.app(scope, receive_or_disconnect, send_no_error)
    |   File "C:\Users\hhoyos\AppData\Local\Programs\Python\Python314\Lib\site-packages\starlette\middleware\base.py", line 191, in __call__
    |     with recv_stream, send_stream, collapse_excgroups():
    |                                    ~~~~~~~~~~~~~~~~~~^^
    |   File "C:\Users\hhoyos\AppData\Local\Programs\Python\Python314\Lib\contextlib.py", line 162, in __exit__
    |     self.gen.throw(value)
    |     ~~~~~~~~~~~~~~^^^^^^^
    |   File "C:\Users\hhoyos\AppData\Local\Programs\Python\Python314\Lib\site-packages\starlette\_utils.py", line 87, in collapse_excgroups
    |     raise exc
    |   File "C:\Users\hhoyos\AppData\Local\Programs\Python\Python314\Lib\site-packages\starlette\middleware\base.py", line 193, in __call__
    |     response = await self.dispatch_func(request, call_next)
    |                ^^^^^^^^^^^^^^^^^^^^^^^^^^^^^^^^^^^^^^^^^^^^
    |   File "C:\Users\hhoyos\AppData\Local\Programs\Python\Python314\Lib\site-packages\slowapi\middleware.py", line 136, in dispatch
    |     response = await call_next(request)
    |                ^^^^^^^^^^^^^^^^^^^^^^^^
    |   File "C:\Users\hhoyos\AppData\Local\Programs\Python\Python314\Lib\site-packages\starlette\middleware\base.py", line 168, in call_next
    |     raise app_exc from app_exc.__cause__ or app_exc.__context__
    |   File "C:\Users\hhoyos\AppData\Local\Programs\Python\Python314\Lib\site-packages\starlette\middleware\base.py", line 144, in coro
    |     await self.app(scope, receive_or_disconnect, send_no_error)
    |   File "C:\Users\hhoyos\AppData\Local\Programs\Python\Python314\Lib\site-packages\starlette\middleware\exceptions.py", line 63, in __call__
    |     await wrap_app_handling_exceptions(self.app, conn)(scope, receive, send)
    |   File "C:\Users\hhoyos\AppData\Local\Programs\Python\Python314\Lib\site-packages\starlette\_exception_handler.py", line 53, in wrapped_app
    |     raise exc
    |   File "C:\Users\hhoyos\AppData\Local\Programs\Python\Python314\Lib\site-packages\starlette\_exception_handler.py", line 42, in wrapped_app
    |     await app(scope, receive, sender)
    |   File "C:\Users\hhoyos\AppData\Local\Programs\Python\Python314\Lib\site-packages\fastapi\middleware\asyncexitstack.py", line 18, in __call__
    |     await self.app(scope, receive, send)
    |   File "C:\Users\hhoyos\AppData\Local\Programs\Python\Python314\Lib\site-packages\starlette\routing.py", line 660, in __call__
    |     await self.middleware_stack(scope, receive, send)
    |   File "C:\Users\hhoyos\AppData\Local\Programs\Python\Python314\Lib\site-packages\starlette\routing.py", line 680, in app
    |     await route.handle(scope, receive, send)
    |   File "C:\Users\hhoyos\AppData\Local\Programs\Python\Python314\Lib\site-packages\starlette\routing.py", line 276, in handle
    |     await self.app(scope, receive, send)
    |   File "C:\Users\hhoyos\AppData\Local\Programs\Python\Python314\Lib\site-packages\fastapi\routing.py", line 134, in app
    |     await wrap_app_handling_exceptions(app, request)(scope, receive, send)
    |   File "C:\Users\hhoyos\AppData\Local\Programs\Python\Python314\Lib\site-packages\starlette\_exception_handler.py", line 53, in wrapped_app
    |     raise exc
    |   File "C:\Users\hhoyos\AppData\Local\Programs\Python\Python314\Lib\site-packages\starlette\_exception_handler.py", line 42, in wrapped_app
    |     await app(scope, receive, sender)
    |   File "C:\Users\hhoyos\AppData\Local\Programs\Python\Python314\Lib\site-packages\fastapi\routing.py", line 120, in app
    |     response = await f(request)
    |                ^^^^^^^^^^^^^^^^
    |   File "C:\Users\hhoyos\AppData\Local\Programs\Python\Python314\Lib\site-packages\fastapi\routing.py", line 674, in app
    |     raw_response = await run_endpoint_function(
    |                    ^^^^^^^^^^^^^^^^^^^^^^^^^^^^
    |     ...<3 lines>...
    |     )
    |     ^
    |   File "C:\Users\hhoyos\AppData\Local\Programs\Python\Python314\Lib\site-packages\fastapi\routing.py", line 328, in run_endpoint_function
    |     return await dependant.call(**values)
    |            ^^^^^^^^^^^^^^^^^^^^^^^^^^^^^^
    |   File "C:\proycato-de-areroinea\SkyAnalytics\backend\routers\pasajeros.py", line 86, in listar_pasajeros
    |     return PaginatedPasajeros(items=pasajeros, pagination=pagination)
    |   File "C:\Users\hhoyos\AppData\Local\Programs\Python\Python314\Lib\site-packages\pydantic\main.py", line 263, in __init__
    |     validated_self = self.__pydantic_validator__.validate_python(data, self_instance=self)
    | pydantic_core._pydantic_core.ValidationError: 18 validation errors for PaginatedPasajeros
    | items.0.tarjeta_credito
    |   Value error, N·mero de tarjeta de crÚdito invßlido (Luhn checksum fallo) [type=value_error, input_value='4532-2972-9383-2864', input_type=str]
    |     For further information visit https://errors.pydantic.dev/2.13/v/value_error
    | items.0.tarjeta_debito
    |   Value error, N·mero de tarjeta de dÚbito invßlido (Luhn checksum fallo) [type=value_error, input_value='5233-2995-2705-3961', input_type=str]
    |     For further information visit https://errors.pydantic.dev/2.13/v/value_error
    | items.1.tarjeta_credito
    |   Value error, N·mero de tarjeta de crÚdito invßlido (Luhn checksum fallo) [type=value_error, input_value='4532-7893-1157-5161', input_type=str]
    |     For further information visit https://errors.pydantic.dev/2.13/v/value_error
    | items.1.tarjeta_debito
    |   Value error, N·mero de tarjeta de dÚbito invßlido (Luhn checksum fallo) [type=value_error, input_value='5233-2861-9901-7234', input_type=str]
    |     For further information visit https://errors.pydantic.dev/2.13/v/value_error
    | items.2.tarjeta_debito
    |   Value error, N·mero de tarjeta de dÚbito invßlido (Luhn checksum fallo) [type=value_error, input_value='5233-5248-6615-2420', input_type=str]
    |     For further information visit https://errors.pydantic.dev/2.13/v/value_error
    | items.3.tarjeta_credito
    |   Value error, N·mero de tarjeta de crÚdito invßlido (Luhn checksum fallo) [type=value_error, input_value='4532-1379-5042-7895', input_type=str]
    |     For further information visit https://errors.pydantic.dev/2.13/v/value_error
    | items.3.tarjeta_debito
    |   Value error, N·mero de tarjeta de dÚbito invßlido (Luhn checksum fallo) [type=value_error, input_value='5233-4227-9655-8337', input_type=str]
    |     For further information visit https://errors.pydantic.dev/2.13/v/value_error
    | items.4.tarjeta_credito
    |   Value error, N·mero de tarjeta de crÚdito invßlido (Luhn checksum fallo) [type=value_error, input_value='4532-6202-7550-2941', input_type=str]
    |     For further information visit https://errors.pydantic.dev/2.13/v/value_error
    | items.4.tarjeta_debito
    |   Value error, N·mero de tarjeta de dÚbito invßlido (Luhn checksum fallo) [type=value_error, input_value='5233-7399-9334-8570', input_type=str]
    |     For further information visit https://errors.pydantic.dev/2.13/v/value_error
    | items.5.tarjeta_credito
    |   Value error, N·mero de tarjeta de crÚdito invßlido (Luhn checksum fallo) [type=value_error, input_value='4532-5916-9438-5056', input_type=str]
    |     For further information visit https://errors.pydantic.dev/2.13/v/value_error
    | items.5.tarjeta_debito
    |   Value error, N·mero de tarjeta de dÚbito invßlido (Luhn checksum fallo) [type=value_error, input_value='5233-8483-8262-5885', input_type=str]
    |     For further information visit https://errors.pydantic.dev/2.13/v/value_error
    | items.6.tarjeta_credito
    |   Value error, N·mero de tarjeta de crÚdito invßlido (Luhn checksum fallo) [type=value_error, input_value='4532-7242-7358-4943', input_type=str]
    |     For further information visit https://errors.pydantic.dev/2.13/v/value_error
    | items.6.tarjeta_debito
    |   Value error, N·mero de tarjeta de dÚbito invßlido (Luhn checksum fallo) [type=value_error, input_value='5233-5901-4763-3198', input_type=str]
    |     For further information visit https://errors.pydantic.dev/2.13/v/value_error
    | items.7.tarjeta_credito
    |   Value error, N·mero de tarjeta de crÚdito invßlido (Luhn checksum fallo) [type=value_error, input_value='4532-1682-2727-5530', input_type=str]
    |     For further information visit https://errors.pydantic.dev/2.13/v/value_error
    | items.8.tarjeta_credito
    |   Value error, N·mero de tarjeta de crÚdito invßlido (Luhn checksum fallo) [type=value_error, input_value='4532-5323-9989-2579', input_type=str]
    |     For further information visit https://errors.pydantic.dev/2.13/v/value_error
    | items.8.tarjeta_debito
    |   Value error, N·mero de tarjeta de dÚbito invßlido (Luhn checksum fallo) [type=value_error, input_value='5233-5703-2812-6441', input_type=str]
    |     For further information visit https://errors.pydantic.dev/2.13/v/value_error
    | items.9.tarjeta_credito
    |   Value error, N·mero de tarjeta de crÚdito invßlido (Luhn checksum fallo) [type=value_error, input_value='4532-8052-9065-6720', input_type=str]
    |     For further information visit https://errors.pydantic.dev/2.13/v/value_error
    | items.9.tarjeta_debito
    |   Value error, N·mero de tarjeta de dÚbito invßlido (Luhn checksum fallo) [type=value_error, input_value='5233-5323-5438-4053', input_type=str]
    |     For further information visit https://errors.pydantic.dev/2.13/v/value_error
    +------------------------------------

The above exception was the direct cause of the following exception:

Traceback (most recent call last):
  File "C:\Users\hhoyos\AppData\Local\Programs\Python\Python314\Lib\site-packages\uvicorn\protocols\http\httptools_impl.py", line 421, in run_asgi
    result = await app(  # type: ignore[func-returns-value]
             ^^^^^^^^^^^^^^^^^^^^^^^^^^^^^^^^^^^^^^^^^^^^^^
        self.scope, self.receive, self.send
        ^^^^^^^^^^^^^^^^^^^^^^^^^^^^^^^^^^^
    )
    ^
  File "C:\Users\hhoyos\AppData\Local\Programs\Python\Python314\Lib\site-packages\uvicorn\middleware\proxy_headers.py", line 56, in __call__
    return await self.app(scope, receive, send)
           ^^^^^^^^^^^^^^^^^^^^^^^^^^^^^^^^^^^^
  File "C:\Users\hhoyos\AppData\Local\Programs\Python\Python314\Lib\site-packages\fastapi\applications.py", line 1159, in __call__
    await super().__call__(scope, receive, send)
  File "C:\Users\hhoyos\AppData\Local\Programs\Python\Python314\Lib\site-packages\starlette\applications.py", line 90, in __call__
    await self.middleware_stack(scope, receive, send)
  File "C:\Users\hhoyos\AppData\Local\Programs\Python\Python314\Lib\site-packages\starlette\middleware\errors.py", line 186, in __call__
    raise exc
  File "C:\Users\hhoyos\AppData\Local\Programs\Python\Python314\Lib\site-packages\starlette\middleware\errors.py", line 164, in __call__
    await self.app(scope, receive, _send)
  File "C:\Users\hhoyos\AppData\Local\Programs\Python\Python314\Lib\site-packages\starlette\middleware\cors.py", line 96, in __call__
    await self.simple_response(scope, receive, send, request_headers=headers)
  File "C:\Users\hhoyos\AppData\Local\Programs\Python\Python314\Lib\site-packages\starlette\middleware\cors.py", line 154, in simple_response
    await self.app(scope, receive, send)
  File "C:\Users\hhoyos\AppData\Local\Programs\Python\Python314\Lib\site-packages\starlette\middleware\base.py", line 191, in __call__
    with recv_stream, send_stream, collapse_excgroups():
                                   ~~~~~~~~~~~~~~~~~~^^
  File "C:\Users\hhoyos\AppData\Local\Programs\Python\Python314\Lib\contextlib.py", line 162, in __exit__
    self.gen.throw(value)
    ~~~~~~~~~~~~~~^^^^^^^
  File "C:\Users\hhoyos\AppData\Local\Programs\Python\Python314\Lib\site-packages\starlette\_utils.py", line 87, in collapse_excgroups
    raise exc
  File "C:\Users\hhoyos\AppData\Local\Programs\Python\Python314\Lib\site-packages\starlette\middleware\base.py", line 193, in __call__
    response = await self.dispatch_func(request, call_next)
               ^^^^^^^^^^^^^^^^^^^^^^^^^^^^^^^^^^^^^^^^^^^^
  File "C:\proycato-de-areroinea\SkyAnalytics\backend\middleware\logging_middleware.py", line 18, in dispatch
    response = await call_next(request)
               ^^^^^^^^^^^^^^^^^^^^^^^^
  File "C:\Users\hhoyos\AppData\Local\Programs\Python\Python314\Lib\site-packages\starlette\middleware\base.py", line 168, in call_next
    raise app_exc from app_exc.__cause__ or app_exc.__context__
  File "C:\Users\hhoyos\AppData\Local\Programs\Python\Python314\Lib\site-packages\starlette\middleware\base.py", line 144, in coro
    await self.app(scope, receive_or_disconnect, send_no_error)
  File "C:\Users\hhoyos\AppData\Local\Programs\Python\Python314\Lib\site-packages\starlette\middleware\base.py", line 191, in __call__
    with recv_stream, send_stream, collapse_excgroups():
                                   ~~~~~~~~~~~~~~~~~~^^
  File "C:\Users\hhoyos\AppData\Local\Programs\Python\Python314\Lib\contextlib.py", line 162, in __exit__
    self.gen.throw(value)
    ~~~~~~~~~~~~~~^^^^^^^
  File "C:\Users\hhoyos\AppData\Local\Programs\Python\Python314\Lib\site-packages\starlette\_utils.py", line 87, in collapse_excgroups
    raise exc
  File "C:\Users\hhoyos\AppData\Local\Programs\Python\Python314\Lib\site-packages\starlette\middleware\base.py", line 193, in __call__
    response = await self.dispatch_func(request, call_next)
               ^^^^^^^^^^^^^^^^^^^^^^^^^^^^^^^^^^^^^^^^^^^^
  File "C:\Users\hhoyos\AppData\Local\Programs\Python\Python314\Lib\site-packages\slowapi\middleware.py", line 136, in dispatch
    response = await call_next(request)
               ^^^^^^^^^^^^^^^^^^^^^^^^
  File "C:\Users\hhoyos\AppData\Local\Programs\Python\Python314\Lib\site-packages\starlette\middleware\base.py", line 168, in call_next
    raise app_exc from app_exc.__cause__ or app_exc.__context__
  File "C:\Users\hhoyos\AppData\Local\Programs\Python\Python314\Lib\site-packages\starlette\middleware\base.py", line 144, in coro
    await self.app(scope, receive_or_disconnect, send_no_error)
  File "C:\Users\hhoyos\AppData\Local\Programs\Python\Python314\Lib\site-packages\starlette\middleware\exceptions.py", line 63, in __call__
    await wrap_app_handling_exceptions(self.app, conn)(scope, receive, send)
  File "C:\Users\hhoyos\AppData\Local\Programs\Python\Python314\Lib\site-packages\starlette\_exception_handler.py", line 53, in wrapped_app
    raise exc
  File "C:\Users\hhoyos\AppData\Local\Programs\Python\Python314\Lib\site-packages\starlette\_exception_handler.py", line 42, in wrapped_app
    await app(scope, receive, sender)
  File "C:\Users\hhoyos\AppData\Local\Programs\Python\Python314\Lib\site-packages\fastapi\middleware\asyncexitstack.py", line 18, in __call__
    await self.app(scope, receive, send)
  File "C:\Users\hhoyos\AppData\Local\Programs\Python\Python314\Lib\site-packages\starlette\routing.py", line 660, in __call__
    await self.middleware_stack(scope, receive, send)
  File "C:\Users\hhoyos\AppData\Local\Programs\Python\Python314\Lib\site-packages\starlette\routing.py", line 680, in app
    await route.handle(scope, receive, send)
  File "C:\Users\hhoyos\AppData\Local\Programs\Python\Python314\Lib\site-packages\starlette\routing.py", line 276, in handle
    await self.app(scope, receive, send)
  File "C:\Users\hhoyos\AppData\Local\Programs\Python\Python314\Lib\site-packages\fastapi\routing.py", line 134, in app
    await wrap_app_handling_exceptions(app, request)(scope, receive, send)
  File "C:\Users\hhoyos\AppData\Local\Programs\Python\Python314\Lib\site-packages\starlette\_exception_handler.py", line 53, in wrapped_app
    raise exc
  File "C:\Users\hhoyos\AppData\Local\Programs\Python\Python314\Lib\site-packages\starlette\_exception_handler.py", line 42, in wrapped_app
    await app(scope, receive, sender)
  File "C:\Users\hhoyos\AppData\Local\Programs\Python\Python314\Lib\site-packages\fastapi\routing.py", line 120, in app
    response = await f(request)
               ^^^^^^^^^^^^^^^^
  File "C:\Users\hhoyos\AppData\Local\Programs\Python\Python314\Lib\site-packages\fastapi\routing.py", line 674, in app
    raw_response = await run_endpoint_function(
                   ^^^^^^^^^^^^^^^^^^^^^^^^^^^^
    ...<3 lines>...
    )
    ^
  File "C:\Users\hhoyos\AppData\Local\Programs\Python\Python314\Lib\site-packages\fastapi\routing.py", line 328, in run_endpoint_function
    return await dependant.call(**values)
           ^^^^^^^^^^^^^^^^^^^^^^^^^^^^^^
  File "C:\proycato-de-areroinea\SkyAnalytics\backend\routers\pasajeros.py", line 86, in listar_pasajeros
    return PaginatedPasajeros(items=pasajeros, pagination=pagination)
  File "C:\Users\hhoyos\AppData\Local\Programs\Python\Python314\Lib\site-packages\pydantic\main.py", line 263, in __init__
    validated_self = self.__pydantic_validator__.validate_python(data, self_instance=self)
pydantic_core._pydantic_core.ValidationError: 18 validation errors for PaginatedPasajeros
items.0.tarjeta_credito
  Value error, N·mero de tarjeta de crÚdito invßlido (Luhn checksum fallo) [type=value_error, input_value='4532-2972-9383-2864', input_type=str]
    For further information visit https://errors.pydantic.dev/2.13/v/value_error
items.0.tarjeta_debito
  Value error, N·mero de tarjeta de dÚbito invßlido (Luhn checksum fallo) [type=value_error, input_value='5233-2995-2705-3961', input_type=str]
    For further information visit https://errors.pydantic.dev/2.13/v/value_error
items.1.tarjeta_credito
  Value error, N·mero de tarjeta de crÚdito invßlido (Luhn checksum fallo) [type=value_error, input_value='4532-7893-1157-5161', input_type=str]
    For further information visit https://errors.pydantic.dev/2.13/v/value_error
items.1.tarjeta_debito
  Value error, N·mero de tarjeta de dÚbito invßlido (Luhn checksum fallo) [type=value_error, input_value='5233-2861-9901-7234', input_type=str]
    For further information visit https://errors.pydantic.dev/2.13/v/value_error
items.2.tarjeta_debito
  Value error, N·mero de tarjeta de dÚbito invßlido (Luhn checksum fallo) [type=value_error, input_value='5233-5248-6615-2420', input_type=str]
    For further information visit https://errors.pydantic.dev/2.13/v/value_error
items.3.tarjeta_credito
  Value error, N·mero de tarjeta de crÚdito invßlido (Luhn checksum fallo) [type=value_error, input_value='4532-1379-5042-7895', input_type=str]
    For further information visit https://errors.pydantic.dev/2.13/v/value_error
items.3.tarjeta_debito
  Value error, N·mero de tarjeta de dÚbito invßlido (Luhn checksum fallo) [type=value_error, input_value='5233-4227-9655-8337', input_type=str]
    For further information visit https://errors.pydantic.dev/2.13/v/value_error
items.4.tarjeta_credito
  Value error, N·mero de tarjeta de crÚdito invßlido (Luhn checksum fallo) [type=value_error, input_value='4532-6202-7550-2941', input_type=str]
    For further information visit https://errors.pydantic.dev/2.13/v/value_error
items.4.tarjeta_debito
  Value error, N·mero de tarjeta de dÚbito invßlido (Luhn checksum fallo) [type=value_error, input_value='5233-7399-9334-8570', input_type=str]
    For further information visit https://errors.pydantic.dev/2.13/v/value_error
items.5.tarjeta_credito
  Value error, N·mero de tarjeta de crÚdito invßlido (Luhn checksum fallo) [type=value_error, input_value='4532-5916-9438-5056', input_type=str]
    For further information visit https://errors.pydantic.dev/2.13/v/value_error
items.5.tarjeta_debito
  Value error, N·mero de tarjeta de dÚbito invßlido (Luhn checksum fallo) [type=value_error, input_value='5233-8483-8262-5885', input_type=str]
    For further information visit https://errors.pydantic.dev/2.13/v/value_error
items.6.tarjeta_credito
  Value error, N·mero de tarjeta de crÚdito invßlido (Luhn checksum fallo) [type=value_error, input_value='4532-7242-7358-4943', input_type=str]
    For further information visit https://errors.pydantic.dev/2.13/v/value_error
items.6.tarjeta_debito
  Value error, N·mero de tarjeta de dÚbito invßlido (Luhn checksum fallo) [type=value_error, input_value='5233-5901-4763-3198', input_type=str]
    For further information visit https://errors.pydantic.dev/2.13/v/value_error
items.7.tarjeta_credito
  Value error, N·mero de tarjeta de crÚdito invßlido (Luhn checksum fallo) [type=value_error, input_value='4532-1682-2727-5530', input_type=str]
    For further information visit https://errors.pydantic.dev/2.13/v/value_error
items.8.tarjeta_credito
  Value error, N·mero de tarjeta de crÚdito invßlido (Luhn checksum fallo) [type=value_error, input_value='4532-5323-9989-2579', input_type=str]
    For further information visit https://errors.pydantic.dev/2.13/v/value_error
items.8.tarjeta_debito
  Value error, N·mero de tarjeta de dÚbito invßlido (Luhn checksum fallo) [type=value_error, input_value='5233-5703-2812-6441', input_type=str]
    For further information visit https://errors.pydantic.dev/2.13/v/value_error
items.9.tarjeta_credito
  Value error, N·mero de tarjeta de crÚdito invßlido (Luhn checksum fallo) [type=value_error, input_value='4532-8052-9065-6720', input_type=str]
    For further information visit https://errors.pydantic.dev/2.13/v/value_error
items.9.tarjeta_debito
  Value error, N·mero de tarjeta de dÚbito invßlido (Luhn checksum fallo) [type=value_error, input_value='5233-5323-5438-4053', input_type=str]
    For further information visit https://errors.pydantic.dev/2.13/v/value_error
INFO:skyanalytics.request:GET /operations/ -> 200 (55.4 ms)
INFO:     127.0.0.1:60574 - "GET /operations/?limit=50 HTTP/1.1" 200 OK
ERROR:middleware.errors:Error no controlado: 18 validation errors for PaginatedPasajeros
items.0.tarjeta_credito
  Value error, N·mero de tarjeta de crÚdito invßlido (Luhn checksum fallo) [type=value_error, input_value='4532-2972-9383-2864', input_type=str]
    For further information visit https://errors.pydantic.dev/2.13/v/value_error
items.0.tarjeta_debito
  Value error, N·mero de tarjeta de dÚbito invßlido (Luhn checksum fallo) [type=value_error, input_value='5233-2995-2705-3961', input_type=str]
    For further information visit https://errors.pydantic.dev/2.13/v/value_error
items.1.tarjeta_credito
  Value error, N·mero de tarjeta de crÚdito invßlido (Luhn checksum fallo) [type=value_error, input_value='4532-7893-1157-5161', input_type=str]
    For further information visit https://errors.pydantic.dev/2.13/v/value_error
items.1.tarjeta_debito
  Value error, N·mero de tarjeta de dÚbito invßlido (Luhn checksum fallo) [type=value_error, input_value='5233-2861-9901-7234', input_type=str]
    For further information visit https://errors.pydantic.dev/2.13/v/value_error
items.2.tarjeta_debito
  Value error, N·mero de tarjeta de dÚbito invßlido (Luhn checksum fallo) [type=value_error, input_value='5233-5248-6615-2420', input_type=str]
    For further information visit https://errors.pydantic.dev/2.13/v/value_error
items.3.tarjeta_credito
  Value error, N·mero de tarjeta de crÚdito invßlido (Luhn checksum fallo) [type=value_error, input_value='4532-1379-5042-7895', input_type=str]
    For further information visit https://errors.pydantic.dev/2.13/v/value_error
items.3.tarjeta_debito
  Value error, N·mero de tarjeta de dÚbito invßlido (Luhn checksum fallo) [type=value_error, input_value='5233-4227-9655-8337', input_type=str]
    For further information visit https://errors.pydantic.dev/2.13/v/value_error
items.4.tarjeta_credito
  Value error, N·mero de tarjeta de crÚdito invßlido (Luhn checksum fallo) [type=value_error, input_value='4532-6202-7550-2941', input_type=str]
    For further information visit https://errors.pydantic.dev/2.13/v/value_error
items.4.tarjeta_debito
  Value error, N·mero de tarjeta de dÚbito invßlido (Luhn checksum fallo) [type=value_error, input_value='5233-7399-9334-8570', input_type=str]
    For further information visit https://errors.pydantic.dev/2.13/v/value_error
items.5.tarjeta_credito
  Value error, N·mero de tarjeta de crÚdito invßlido (Luhn checksum fallo) [type=value_error, input_value='4532-5916-9438-5056', input_type=str]
    For further information visit https://errors.pydantic.dev/2.13/v/value_error
items.5.tarjeta_debito
  Value error, N·mero de tarjeta de dÚbito invßlido (Luhn checksum fallo) [type=value_error, input_value='5233-8483-8262-5885', input_type=str]
    For further information visit https://errors.pydantic.dev/2.13/v/value_error
items.6.tarjeta_credito
  Value error, N·mero de tarjeta de crÚdito invßlido (Luhn checksum fallo) [type=value_error, input_value='4532-7242-7358-4943', input_type=str]
    For further information visit https://errors.pydantic.dev/2.13/v/value_error
items.6.tarjeta_debito
  Value error, N·mero de tarjeta de dÚbito invßlido (Luhn checksum fallo) [type=value_error, input_value='5233-5901-4763-3198', input_type=str]
    For further information visit https://errors.pydantic.dev/2.13/v/value_error
items.7.tarjeta_credito
  Value error, N·mero de tarjeta de crÚdito invßlido (Luhn checksum fallo) [type=value_error, input_value='4532-1682-2727-5530', input_type=str]
    For further information visit https://errors.pydantic.dev/2.13/v/value_error
items.8.tarjeta_credito
  Value error, N·mero de tarjeta de crÚdito invßlido (Luhn checksum fallo) [type=value_error, input_value='4532-5323-9989-2579', input_type=str]
    For further information visit https://errors.pydantic.dev/2.13/v/value_error
items.8.tarjeta_debito
  Value error, N·mero de tarjeta de dÚbito invßlido (Luhn checksum fallo) [type=value_error, input_value='5233-5703-2812-6441', input_type=str]
    For further information visit https://errors.pydantic.dev/2.13/v/value_error
items.9.tarjeta_credito
  Value error, N·mero de tarjeta de crÚdito invßlido (Luhn checksum fallo) [type=value_error, input_value='4532-8052-9065-6720', input_type=str]
    For further information visit https://errors.pydantic.dev/2.13/v/value_error
items.9.tarjeta_debito
  Value error, N·mero de tarjeta de dÚbito invßlido (Luhn checksum fallo) [type=value_error, input_value='5233-5323-5438-4053', input_type=str]
    For further information visit https://errors.pydantic.dev/2.13/v/value_error
  + Exception Group Traceback (most recent call last):
  |   File "C:\Users\hhoyos\AppData\Local\Programs\Python\Python314\Lib\site-packages\starlette\_utils.py", line 81, in collapse_excgroups
  |     yield
  |   File "C:\Users\hhoyos\AppData\Local\Programs\Python\Python314\Lib\site-packages\starlette\middleware\base.py", line 192, in __call__
  |     async with anyio.create_task_group() as task_group:
  |                ~~~~~~~~~~~~~~~~~~~~~~~^^
  |   File "C:\Users\hhoyos\AppData\Local\Programs\Python\Python314\Lib\site-packages\anyio\_backends\_asyncio.py", line 799, in __aexit__
  |     raise BaseExceptionGroup(
  |         "unhandled errors in a TaskGroup", self._exceptions
  |     ) from None
  | ExceptionGroup: unhandled errors in a TaskGroup (1 sub-exception)
  +-+---------------- 1 ----------------
    | Traceback (most recent call last):
    |   File "C:\Users\hhoyos\AppData\Local\Programs\Python\Python314\Lib\site-packages\starlette\middleware\errors.py", line 164, in __call__
    |     await self.app(scope, receive, _send)
    |   File "C:\Users\hhoyos\AppData\Local\Programs\Python\Python314\Lib\site-packages\starlette\middleware\cors.py", line 96, in __call__
    |     await self.simple_response(scope, receive, send, request_headers=headers)
    |   File "C:\Users\hhoyos\AppData\Local\Programs\Python\Python314\Lib\site-packages\starlette\middleware\cors.py", line 154, in simple_response
    |     await self.app(scope, receive, send)
    |   File "C:\Users\hhoyos\AppData\Local\Programs\Python\Python314\Lib\site-packages\starlette\middleware\base.py", line 191, in __call__
    |     with recv_stream, send_stream, collapse_excgroups():
    |                                    ~~~~~~~~~~~~~~~~~~^^
    |   File "C:\Users\hhoyos\AppData\Local\Programs\Python\Python314\Lib\contextlib.py", line 162, in __exit__
    |     self.gen.throw(value)
    |     ~~~~~~~~~~~~~~^^^^^^^
    |   File "C:\Users\hhoyos\AppData\Local\Programs\Python\Python314\Lib\site-packages\starlette\_utils.py", line 87, in collapse_excgroups
    |     raise exc
    |   File "C:\Users\hhoyos\AppData\Local\Programs\Python\Python314\Lib\site-packages\starlette\middleware\base.py", line 193, in __call__
    |     response = await self.dispatch_func(request, call_next)
    |                ^^^^^^^^^^^^^^^^^^^^^^^^^^^^^^^^^^^^^^^^^^^^
    |   File "C:\proycato-de-areroinea\SkyAnalytics\backend\middleware\logging_middleware.py", line 18, in dispatch
    |     response = await call_next(request)
    |                ^^^^^^^^^^^^^^^^^^^^^^^^
    |   File "C:\Users\hhoyos\AppData\Local\Programs\Python\Python314\Lib\site-packages\starlette\middleware\base.py", line 168, in call_next
    |     raise app_exc from app_exc.__cause__ or app_exc.__context__
    |   File "C:\Users\hhoyos\AppData\Local\Programs\Python\Python314\Lib\site-packages\starlette\middleware\base.py", line 144, in coro
    |     await self.app(scope, receive_or_disconnect, send_no_error)
    |   File "C:\Users\hhoyos\AppData\Local\Programs\Python\Python314\Lib\site-packages\starlette\middleware\base.py", line 191, in __call__
    |     with recv_stream, send_stream, collapse_excgroups():
    |                                    ~~~~~~~~~~~~~~~~~~^^
    |   File "C:\Users\hhoyos\AppData\Local\Programs\Python\Python314\Lib\contextlib.py", line 162, in __exit__
    |     self.gen.throw(value)
    |     ~~~~~~~~~~~~~~^^^^^^^
    |   File "C:\Users\hhoyos\AppData\Local\Programs\Python\Python314\Lib\site-packages\starlette\_utils.py", line 87, in collapse_excgroups
    |     raise exc
    |   File "C:\Users\hhoyos\AppData\Local\Programs\Python\Python314\Lib\site-packages\starlette\middleware\base.py", line 193, in __call__
    |     response = await self.dispatch_func(request, call_next)
    |                ^^^^^^^^^^^^^^^^^^^^^^^^^^^^^^^^^^^^^^^^^^^^
    |   File "C:\Users\hhoyos\AppData\Local\Programs\Python\Python314\Lib\site-packages\slowapi\middleware.py", line 136, in dispatch
    |     response = await call_next(request)
    |                ^^^^^^^^^^^^^^^^^^^^^^^^
    |   File "C:\Users\hhoyos\AppData\Local\Programs\Python\Python314\Lib\site-packages\starlette\middleware\base.py", line 168, in call_next
    |     raise app_exc from app_exc.__cause__ or app_exc.__context__
    |   File "C:\Users\hhoyos\AppData\Local\Programs\Python\Python314\Lib\site-packages\starlette\middleware\base.py", line 144, in coro
    |     await self.app(scope, receive_or_disconnect, send_no_error)
    |   File "C:\Users\hhoyos\AppData\Local\Programs\Python\Python314\Lib\site-packages\starlette\middleware\exceptions.py", line 63, in __call__
    |     await wrap_app_handling_exceptions(self.app, conn)(scope, receive, send)
    |   File "C:\Users\hhoyos\AppData\Local\Programs\Python\Python314\Lib\site-packages\starlette\_exception_handler.py", line 53, in wrapped_app
    |     raise exc
    |   File "C:\Users\hhoyos\AppData\Local\Programs\Python\Python314\Lib\site-packages\starlette\_exception_handler.py", line 42, in wrapped_app
    |     await app(scope, receive, sender)
    |   File "C:\Users\hhoyos\AppData\Local\Programs\Python\Python314\Lib\site-packages\fastapi\middleware\asyncexitstack.py", line 18, in __call__
    |     await self.app(scope, receive, send)
    |   File "C:\Users\hhoyos\AppData\Local\Programs\Python\Python314\Lib\site-packages\starlette\routing.py", line 660, in __call__
    |     await self.middleware_stack(scope, receive, send)
    |   File "C:\Users\hhoyos\AppData\Local\Programs\Python\Python314\Lib\site-packages\starlette\routing.py", line 680, in app
    |     await route.handle(scope, receive, send)
    |   File "C:\Users\hhoyos\AppData\Local\Programs\Python\Python314\Lib\site-packages\starlette\routing.py", line 276, in handle
    |     await self.app(scope, receive, send)
    |   File "C:\Users\hhoyos\AppData\Local\Programs\Python\Python314\Lib\site-packages\fastapi\routing.py", line 134, in app
    |     await wrap_app_handling_exceptions(app, request)(scope, receive, send)
    |   File "C:\Users\hhoyos\AppData\Local\Programs\Python\Python314\Lib\site-packages\starlette\_exception_handler.py", line 53, in wrapped_app
    |     raise exc
    |   File "C:\Users\hhoyos\AppData\Local\Programs\Python\Python314\Lib\site-packages\starlette\_exception_handler.py", line 42, in wrapped_app
    |     await app(scope, receive, sender)
    |   File "C:\Users\hhoyos\AppData\Local\Programs\Python\Python314\Lib\site-packages\fastapi\routing.py", line 120, in app
    |     response = await f(request)
    |                ^^^^^^^^^^^^^^^^
    |   File "C:\Users\hhoyos\AppData\Local\Programs\Python\Python314\Lib\site-packages\fastapi\routing.py", line 674, in app
    |     raw_response = await run_endpoint_function(
    |                    ^^^^^^^^^^^^^^^^^^^^^^^^^^^^
    |     ...<3 lines>...
    |     )
    |     ^
    |   File "C:\Users\hhoyos\AppData\Local\Programs\Python\Python314\Lib\site-packages\fastapi\routing.py", line 328, in run_endpoint_function
    |     return await dependant.call(**values)
    |            ^^^^^^^^^^^^^^^^^^^^^^^^^^^^^^
    |   File "C:\proycato-de-areroinea\SkyAnalytics\backend\routers\pasajeros.py", line 86, in listar_pasajeros
    |     return PaginatedPasajeros(items=pasajeros, pagination=pagination)
    |   File "C:\Users\hhoyos\AppData\Local\Programs\Python\Python314\Lib\site-packages\pydantic\main.py", line 263, in __init__
    |     validated_self = self.__pydantic_validator__.validate_python(data, self_instance=self)
    | pydantic_core._pydantic_core.ValidationError: 18 validation errors for PaginatedPasajeros
    | items.0.tarjeta_credito
    |   Value error, N·mero de tarjeta de crÚdito invßlido (Luhn checksum fallo) [type=value_error, input_value='4532-2972-9383-2864', input_type=str]
    |     For further information visit https://errors.pydantic.dev/2.13/v/value_error
    | items.0.tarjeta_debito
    |   Value error, N·mero de tarjeta de dÚbito invßlido (Luhn checksum fallo) [type=value_error, input_value='5233-2995-2705-3961', input_type=str]
    |     For further information visit https://errors.pydantic.dev/2.13/v/value_error
    | items.1.tarjeta_credito
    |   Value error, N·mero de tarjeta de crÚdito invßlido (Luhn checksum fallo) [type=value_error, input_value='4532-7893-1157-5161', input_type=str]
    |     For further information visit https://errors.pydantic.dev/2.13/v/value_error
    | items.1.tarjeta_debito
    |   Value error, N·mero de tarjeta de dÚbito invßlido (Luhn checksum fallo) [type=value_error, input_value='5233-2861-9901-7234', input_type=str]
    |     For further information visit https://errors.pydantic.dev/2.13/v/value_error
    | items.2.tarjeta_debito
    |   Value error, N·mero de tarjeta de dÚbito invßlido (Luhn checksum fallo) [type=value_error, input_value='5233-5248-6615-2420', input_type=str]
    |     For further information visit https://errors.pydantic.dev/2.13/v/value_error
    | items.3.tarjeta_credito
    |   Value error, N·mero de tarjeta de crÚdito invßlido (Luhn checksum fallo) [type=value_error, input_value='4532-1379-5042-7895', input_type=str]
    |     For further information visit https://errors.pydantic.dev/2.13/v/value_error
    | items.3.tarjeta_debito
    |   Value error, N·mero de tarjeta de dÚbito invßlido (Luhn checksum fallo) [type=value_error, input_value='5233-4227-9655-8337', input_type=str]
    |     For further information visit https://errors.pydantic.dev/2.13/v/value_error
    | items.4.tarjeta_credito
    |   Value error, N·mero de tarjeta de crÚdito invßlido (Luhn checksum fallo) [type=value_error, input_value='4532-6202-7550-2941', input_type=str]
    |     For further information visit https://errors.pydantic.dev/2.13/v/value_error
    | items.4.tarjeta_debito
    |   Value error, N·mero de tarjeta de dÚbito invßlido (Luhn checksum fallo) [type=value_error, input_value='5233-7399-9334-8570', input_type=str]
    |     For further information visit https://errors.pydantic.dev/2.13/v/value_error
    | items.5.tarjeta_credito
    |   Value error, N·mero de tarjeta de crÚdito invßlido (Luhn checksum fallo) [type=value_error, input_value='4532-5916-9438-5056', input_type=str]
    |     For further information visit https://errors.pydantic.dev/2.13/v/value_error
    | items.5.tarjeta_debito
    |   Value error, N·mero de tarjeta de dÚbito invßlido (Luhn checksum fallo) [type=value_error, input_value='5233-8483-8262-5885', input_type=str]
    |     For further information visit https://errors.pydantic.dev/2.13/v/value_error
    | items.6.tarjeta_credito
    |   Value error, N·mero de tarjeta de crÚdito invßlido (Luhn checksum fallo) [type=value_error, input_value='4532-7242-7358-4943', input_type=str]
    |     For further information visit https://errors.pydantic.dev/2.13/v/value_error
    | items.6.tarjeta_debito
    |   Value error, N·mero de tarjeta de dÚbito invßlido (Luhn checksum fallo) [type=value_error, input_value='5233-5901-4763-3198', input_type=str]
    |     For further information visit https://errors.pydantic.dev/2.13/v/value_error
    | items.7.tarjeta_credito
    |   Value error, N·mero de tarjeta de crÚdito invßlido (Luhn checksum fallo) [type=value_error, input_value='4532-1682-2727-5530', input_type=str]
    |     For further information visit https://errors.pydantic.dev/2.13/v/value_error
    | items.8.tarjeta_credito
    |   Value error, N·mero de tarjeta de crÚdito invßlido (Luhn checksum fallo) [type=value_error, input_value='4532-5323-9989-2579', input_type=str]
    |     For further information visit https://errors.pydantic.dev/2.13/v/value_error
    | items.8.tarjeta_debito
    |   Value error, N·mero de tarjeta de dÚbito invßlido (Luhn checksum fallo) [type=value_error, input_value='5233-5703-2812-6441', input_type=str]
    |     For further information visit https://errors.pydantic.dev/2.13/v/value_error
    | items.9.tarjeta_credito
    |   Value error, N·mero de tarjeta de crÚdito invßlido (Luhn checksum fallo) [type=value_error, input_value='4532-8052-9065-6720', input_type=str]
    |     For further information visit https://errors.pydantic.dev/2.13/v/value_error
    | items.9.tarjeta_debito
    |   Value error, N·mero de tarjeta de dÚbito invßlido (Luhn checksum fallo) [type=value_error, input_value='5233-5323-5438-4053', input_type=str]
    |     For further information visit https://errors.pydantic.dev/2.13/v/value_error
    +------------------------------------

The above exception was the direct cause of the following exception:

Traceback (most recent call last):
  File "C:\Users\hhoyos\AppData\Local\Programs\Python\Python314\Lib\site-packages\starlette\middleware\errors.py", line 164, in __call__
    await self.app(scope, receive, _send)
  File "C:\Users\hhoyos\AppData\Local\Programs\Python\Python314\Lib\site-packages\starlette\middleware\cors.py", line 96, in __call__
    await self.simple_response(scope, receive, send, request_headers=headers)
  File "C:\Users\hhoyos\AppData\Local\Programs\Python\Python314\Lib\site-packages\starlette\middleware\cors.py", line 154, in simple_response
    await self.app(scope, receive, send)
  File "C:\Users\hhoyos\AppData\Local\Programs\Python\Python314\Lib\site-packages\starlette\middleware\base.py", line 191, in __call__
    with recv_stream, send_stream, collapse_excgroups():
                                   ~~~~~~~~~~~~~~~~~~^^
  File "C:\Users\hhoyos\AppData\Local\Programs\Python\Python314\Lib\contextlib.py", line 162, in __exit__
    self.gen.throw(value)
    ~~~~~~~~~~~~~~^^^^^^^
  File "C:\Users\hhoyos\AppData\Local\Programs\Python\Python314\Lib\site-packages\starlette\_utils.py", line 87, in collapse_excgroups
    raise exc
  File "C:\Users\hhoyos\AppData\Local\Programs\Python\Python314\Lib\site-packages\starlette\middleware\base.py", line 193, in __call__
    response = await self.dispatch_func(request, call_next)
               ^^^^^^^^^^^^^^^^^^^^^^^^^^^^^^^^^^^^^^^^^^^^
  File "C:\proycato-de-areroinea\SkyAnalytics\backend\middleware\logging_middleware.py", line 18, in dispatch
    response = await call_next(request)
               ^^^^^^^^^^^^^^^^^^^^^^^^
  File "C:\Users\hhoyos\AppData\Local\Programs\Python\Python314\Lib\site-packages\starlette\middleware\base.py", line 168, in call_next
    raise app_exc from app_exc.__cause__ or app_exc.__context__
  File "C:\Users\hhoyos\AppData\Local\Programs\Python\Python314\Lib\site-packages\starlette\middleware\base.py", line 144, in coro
    await self.app(scope, receive_or_disconnect, send_no_error)
  File "C:\Users\hhoyos\AppData\Local\Programs\Python\Python314\Lib\site-packages\starlette\middleware\base.py", line 191, in __call__
    with recv_stream, send_stream, collapse_excgroups():
                                   ~~~~~~~~~~~~~~~~~~^^
  File "C:\Users\hhoyos\AppData\Local\Programs\Python\Python314\Lib\contextlib.py", line 162, in __exit__
    self.gen.throw(value)
    ~~~~~~~~~~~~~~^^^^^^^
  File "C:\Users\hhoyos\AppData\Local\Programs\Python\Python314\Lib\site-packages\starlette\_utils.py", line 87, in collapse_excgroups
    raise exc
  File "C:\Users\hhoyos\AppData\Local\Programs\Python\Python314\Lib\site-packages\starlette\middleware\base.py", line 193, in __call__
    response = await self.dispatch_func(request, call_next)
               ^^^^^^^^^^^^^^^^^^^^^^^^^^^^^^^^^^^^^^^^^^^^
  File "C:\Users\hhoyos\AppData\Local\Programs\Python\Python314\Lib\site-packages\slowapi\middleware.py", line 136, in dispatch
    response = await call_next(request)
               ^^^^^^^^^^^^^^^^^^^^^^^^
  File "C:\Users\hhoyos\AppData\Local\Programs\Python\Python314\Lib\site-packages\starlette\middleware\base.py", line 168, in call_next
    raise app_exc from app_exc.__cause__ or app_exc.__context__
  File "C:\Users\hhoyos\AppData\Local\Programs\Python\Python314\Lib\site-packages\starlette\middleware\base.py", line 144, in coro
    await self.app(scope, receive_or_disconnect, send_no_error)
  File "C:\Users\hhoyos\AppData\Local\Programs\Python\Python314\Lib\site-packages\starlette\middleware\exceptions.py", line 63, in __call__
    await wrap_app_handling_exceptions(self.app, conn)(scope, receive, send)
  File "C:\Users\hhoyos\AppData\Local\Programs\Python\Python314\Lib\site-packages\starlette\_exception_handler.py", line 53, in wrapped_app
    raise exc
  File "C:\Users\hhoyos\AppData\Local\Programs\Python\Python314\Lib\site-packages\starlette\_exception_handler.py", line 42, in wrapped_app
    await app(scope, receive, sender)
  File "C:\Users\hhoyos\AppData\Local\Programs\Python\Python314\Lib\site-packages\fastapi\middleware\asyncexitstack.py", line 18, in __call__
    await self.app(scope, receive, send)
  File "C:\Users\hhoyos\AppData\Local\Programs\Python\Python314\Lib\site-packages\starlette\routing.py", line 660, in __call__
    await self.middleware_stack(scope, receive, send)
  File "C:\Users\hhoyos\AppData\Local\Programs\Python\Python314\Lib\site-packages\starlette\routing.py", line 680, in app
    await route.handle(scope, receive, send)
  File "C:\Users\hhoyos\AppData\Local\Programs\Python\Python314\Lib\site-packages\starlette\routing.py", line 276, in handle
    await self.app(scope, receive, send)
  File "C:\Users\hhoyos\AppData\Local\Programs\Python\Python314\Lib\site-packages\fastapi\routing.py", line 134, in app
    await wrap_app_handling_exceptions(app, request)(scope, receive, send)
  File "C:\Users\hhoyos\AppData\Local\Programs\Python\Python314\Lib\site-packages\starlette\_exception_handler.py", line 53, in wrapped_app
    raise exc
  File "C:\Users\hhoyos\AppData\Local\Programs\Python\Python314\Lib\site-packages\starlette\_exception_handler.py", line 42, in wrapped_app
    await app(scope, receive, sender)
  File "C:\Users\hhoyos\AppData\Local\Programs\Python\Python314\Lib\site-packages\fastapi\routing.py", line 120, in app
    response = await f(request)
               ^^^^^^^^^^^^^^^^
  File "C:\Users\hhoyos\AppData\Local\Programs\Python\Python314\Lib\site-packages\fastapi\routing.py", line 674, in app
    raw_response = await run_endpoint_function(
                   ^^^^^^^^^^^^^^^^^^^^^^^^^^^^
    ...<3 lines>...
    )
    ^
  File "C:\Users\hhoyos\AppData\Local\Programs\Python\Python314\Lib\site-packages\fastapi\routing.py", line 328, in run_endpoint_function
    return await dependant.call(**values)
           ^^^^^^^^^^^^^^^^^^^^^^^^^^^^^^
  File "C:\proycato-de-areroinea\SkyAnalytics\backend\routers\pasajeros.py", line 86, in listar_pasajeros
    return PaginatedPasajeros(items=pasajeros, pagination=pagination)
  File "C:\Users\hhoyos\AppData\Local\Programs\Python\Python314\Lib\site-packages\pydantic\main.py", line 263, in __init__
    validated_self = self.__pydantic_validator__.validate_python(data, self_instance=self)
pydantic_core._pydantic_core.ValidationError: 18 validation errors for PaginatedPasajeros
items.0.tarjeta_credito
  Value error, N·mero de tarjeta de crÚdito invßlido (Luhn checksum fallo) [type=value_error, input_value='4532-2972-9383-2864', input_type=str]
    For further information visit https://errors.pydantic.dev/2.13/v/value_error
items.0.tarjeta_debito
  Value error, N·mero de tarjeta de dÚbito invßlido (Luhn checksum fallo) [type=value_error, input_value='5233-2995-2705-3961', input_type=str]
    For further information visit https://errors.pydantic.dev/2.13/v/value_error
items.1.tarjeta_credito
  Value error, N·mero de tarjeta de crÚdito invßlido (Luhn checksum fallo) [type=value_error, input_value='4532-7893-1157-5161', input_type=str]
    For further information visit https://errors.pydantic.dev/2.13/v/value_error
items.1.tarjeta_debito
  Value error, N·mero de tarjeta de dÚbito invßlido (Luhn checksum fallo) [type=value_error, input_value='5233-2861-9901-7234', input_type=str]
    For further information visit https://errors.pydantic.dev/2.13/v/value_error
items.2.tarjeta_debito
  Value error, N·mero de tarjeta de dÚbito invßlido (Luhn checksum fallo) [type=value_error, input_value='5233-5248-6615-2420', input_type=str]
    For further information visit https://errors.pydantic.dev/2.13/v/value_error
items.3.tarjeta_credito
  Value error, N·mero de tarjeta de crÚdito invßlido (Luhn checksum fallo) [type=value_error, input_value='4532-1379-5042-7895', input_type=str]
    For further information visit https://errors.pydantic.dev/2.13/v/value_error
items.3.tarjeta_debito
  Value error, N·mero de tarjeta de dÚbito invßlido (Luhn checksum fallo) [type=value_error, input_value='5233-4227-9655-8337', input_type=str]
    For further information visit https://errors.pydantic.dev/2.13/v/value_error
items.4.tarjeta_credito
  Value error, N·mero de tarjeta de crÚdito invßlido (Luhn checksum fallo) [type=value_error, input_value='4532-6202-7550-2941', input_type=str]
    For further information visit https://errors.pydantic.dev/2.13/v/value_error
items.4.tarjeta_debito
  Value error, N·mero de tarjeta de dÚbito invßlido (Luhn checksum fallo) [type=value_error, input_value='5233-7399-9334-8570', input_type=str]
    For further information visit https://errors.pydantic.dev/2.13/v/value_error
items.5.tarjeta_credito
  Value error, N·mero de tarjeta de crÚdito invßlido (Luhn checksum fallo) [type=value_error, input_value='4532-5916-9438-5056', input_type=str]
    For further information visit https://errors.pydantic.dev/2.13/v/value_error
items.5.tarjeta_debito
  Value error, N·mero de tarjeta de dÚbito invßlido (Luhn checksum fallo) [type=value_error, input_value='5233-8483-8262-5885', input_type=str]
    For further information visit https://errors.pydantic.dev/2.13/v/value_error
items.6.tarjeta_credito
  Value error, N·mero de tarjeta de crÚdito invßlido (Luhn checksum fallo) [type=value_error, input_value='4532-7242-7358-4943', input_type=str]
    For further information visit https://errors.pydantic.dev/2.13/v/value_error
items.6.tarjeta_debito
  Value error, N·mero de tarjeta de dÚbito invßlido (Luhn checksum fallo) [type=value_error, input_value='5233-5901-4763-3198', input_type=str]
    For further information visit https://errors.pydantic.dev/2.13/v/value_error
items.7.tarjeta_credito
  Value error, N·mero de tarjeta de crÚdito invßlido (Luhn checksum fallo) [type=value_error, input_value='4532-1682-2727-5530', input_type=str]
    For further information visit https://errors.pydantic.dev/2.13/v/value_error
items.8.tarjeta_credito
  Value error, N·mero de tarjeta de crÚdito invßlido (Luhn checksum fallo) [type=value_error, input_value='4532-5323-9989-2579', input_type=str]
    For further information visit https://errors.pydantic.dev/2.13/v/value_error
items.8.tarjeta_debito
INFO:     127.0.0.1:60574 - "GET /pasajeros?limit=50 HTTP/1.1" 500 Internal Server Error
  Value error, N·mero de tarjeta de dÚbito invßlido (Luhn checksum fallo) [type=value_error, input_value='5233-5703-2812-6441', input_type=str]
    For further information visit https://errors.pydantic.dev/2.13/v/value_error
items.9.tarjeta_credito
  Value error, N·mero de tarjeta de crÚdito invßlido (Luhn checksum fallo) [type=value_error, input_value='4532-8052-9065-6720', input_type=str]
    For further information visit https://errors.pydantic.dev/2.13/v/value_error
items.9.tarjeta_debito
  Value error, N·mero de tarjeta de dÚbito invßlido (Luhn checksum fallo) [type=value_error, input_value='5233-5323-5438-4053', input_type=str]
    For further information visit https://errors.pydantic.dev/2.13/v/value_error
ERROR:    Exception in ASGI application
  + Exception Group Traceback (most recent call last):
  |   File "C:\Users\hhoyos\AppData\Local\Programs\Python\Python314\Lib\site-packages\starlette\_utils.py", line 81, in collapse_excgroups
  |     yield
  |   File "C:\Users\hhoyos\AppData\Local\Programs\Python\Python314\Lib\site-packages\starlette\middleware\base.py", line 192, in __call__
  |     async with anyio.create_task_group() as task_group:
  |                ~~~~~~~~~~~~~~~~~~~~~~~^^
  |   File "C:\Users\hhoyos\AppData\Local\Programs\Python\Python314\Lib\site-packages\anyio\_backends\_asyncio.py", line 799, in __aexit__
  |     raise BaseExceptionGroup(
  |         "unhandled errors in a TaskGroup", self._exceptions
  |     ) from None
  | ExceptionGroup: unhandled errors in a TaskGroup (1 sub-exception)
  +-+---------------- 1 ----------------
    | Traceback (most recent call last):
    |   File "C:\Users\hhoyos\AppData\Local\Programs\Python\Python314\Lib\site-packages\uvicorn\protocols\http\httptools_impl.py", line 421, in run_asgi
    |     result = await app(  # type: ignore[func-returns-value]
    |              ^^^^^^^^^^^^^^^^^^^^^^^^^^^^^^^^^^^^^^^^^^^^^^
    |         self.scope, self.receive, self.send
    |         ^^^^^^^^^^^^^^^^^^^^^^^^^^^^^^^^^^^
    |     )
    |     ^
    |   File "C:\Users\hhoyos\AppData\Local\Programs\Python\Python314\Lib\site-packages\uvicorn\middleware\proxy_headers.py", line 56, in __call__
    |     return await self.app(scope, receive, send)
    |            ^^^^^^^^^^^^^^^^^^^^^^^^^^^^^^^^^^^^
    |   File "C:\Users\hhoyos\AppData\Local\Programs\Python\Python314\Lib\site-packages\fastapi\applications.py", line 1159, in __call__
    |     await super().__call__(scope, receive, send)
    |   File "C:\Users\hhoyos\AppData\Local\Programs\Python\Python314\Lib\site-packages\starlette\applications.py", line 90, in __call__
    |     await self.middleware_stack(scope, receive, send)
    |   File "C:\Users\hhoyos\AppData\Local\Programs\Python\Python314\Lib\site-packages\starlette\middleware\errors.py", line 186, in __call__
    |     raise exc
    |   File "C:\Users\hhoyos\AppData\Local\Programs\Python\Python314\Lib\site-packages\starlette\middleware\errors.py", line 164, in __call__
    |     await self.app(scope, receive, _send)
    |   File "C:\Users\hhoyos\AppData\Local\Programs\Python\Python314\Lib\site-packages\starlette\middleware\cors.py", line 96, in __call__
    |     await self.simple_response(scope, receive, send, request_headers=headers)
    |   File "C:\Users\hhoyos\AppData\Local\Programs\Python\Python314\Lib\site-packages\starlette\middleware\cors.py", line 154, in simple_response
    |     await self.app(scope, receive, send)
    |   File "C:\Users\hhoyos\AppData\Local\Programs\Python\Python314\Lib\site-packages\starlette\middleware\base.py", line 191, in __call__
    |     with recv_stream, send_stream, collapse_excgroups():
    |                                    ~~~~~~~~~~~~~~~~~~^^
    |   File "C:\Users\hhoyos\AppData\Local\Programs\Python\Python314\Lib\contextlib.py", line 162, in __exit__
    |     self.gen.throw(value)
    |     ~~~~~~~~~~~~~~^^^^^^^
    |   File "C:\Users\hhoyos\AppData\Local\Programs\Python\Python314\Lib\site-packages\starlette\_utils.py", line 87, in collapse_excgroups
    |     raise exc
    |   File "C:\Users\hhoyos\AppData\Local\Programs\Python\Python314\Lib\site-packages\starlette\middleware\base.py", line 193, in __call__
    |     response = await self.dispatch_func(request, call_next)
    |                ^^^^^^^^^^^^^^^^^^^^^^^^^^^^^^^^^^^^^^^^^^^^
    |   File "C:\proycato-de-areroinea\SkyAnalytics\backend\middleware\logging_middleware.py", line 18, in dispatch
    |     response = await call_next(request)
    |                ^^^^^^^^^^^^^^^^^^^^^^^^
    |   File "C:\Users\hhoyos\AppData\Local\Programs\Python\Python314\Lib\site-packages\starlette\middleware\base.py", line 168, in call_next
    |     raise app_exc from app_exc.__cause__ or app_exc.__context__
    |   File "C:\Users\hhoyos\AppData\Local\Programs\Python\Python314\Lib\site-packages\starlette\middleware\base.py", line 144, in coro
    |     await self.app(scope, receive_or_disconnect, send_no_error)
    |   File "C:\Users\hhoyos\AppData\Local\Programs\Python\Python314\Lib\site-packages\starlette\middleware\base.py", line 191, in __call__
    |     with recv_stream, send_stream, collapse_excgroups():
    |                                    ~~~~~~~~~~~~~~~~~~^^
    |   File "C:\Users\hhoyos\AppData\Local\Programs\Python\Python314\Lib\contextlib.py", line 162, in __exit__
    |     self.gen.throw(value)
    |     ~~~~~~~~~~~~~~^^^^^^^
    |   File "C:\Users\hhoyos\AppData\Local\Programs\Python\Python314\Lib\site-packages\starlette\_utils.py", line 87, in collapse_excgroups
    |     raise exc
    |   File "C:\Users\hhoyos\AppData\Local\Programs\Python\Python314\Lib\site-packages\starlette\middleware\base.py", line 193, in __call__
    |     response = await self.dispatch_func(request, call_next)
    |                ^^^^^^^^^^^^^^^^^^^^^^^^^^^^^^^^^^^^^^^^^^^^
    |   File "C:\Users\hhoyos\AppData\Local\Programs\Python\Python314\Lib\site-packages\slowapi\middleware.py", line 136, in dispatch
    |     response = await call_next(request)
    |                ^^^^^^^^^^^^^^^^^^^^^^^^
    |   File "C:\Users\hhoyos\AppData\Local\Programs\Python\Python314\Lib\site-packages\starlette\middleware\base.py", line 168, in call_next
    |     raise app_exc from app_exc.__cause__ or app_exc.__context__
    |   File "C:\Users\hhoyos\AppData\Local\Programs\Python\Python314\Lib\site-packages\starlette\middleware\base.py", line 144, in coro
    |     await self.app(scope, receive_or_disconnect, send_no_error)
    |   File "C:\Users\hhoyos\AppData\Local\Programs\Python\Python314\Lib\site-packages\starlette\middleware\exceptions.py", line 63, in __call__
    |     await wrap_app_handling_exceptions(self.app, conn)(scope, receive, send)
    |   File "C:\Users\hhoyos\AppData\Local\Programs\Python\Python314\Lib\site-packages\starlette\_exception_handler.py", line 53, in wrapped_app
    |     raise exc
    |   File "C:\Users\hhoyos\AppData\Local\Programs\Python\Python314\Lib\site-packages\starlette\_exception_handler.py", line 42, in wrapped_app
    |     await app(scope, receive, sender)
    |   File "C:\Users\hhoyos\AppData\Local\Programs\Python\Python314\Lib\site-packages\fastapi\middleware\asyncexitstack.py", line 18, in __call__
    |     await self.app(scope, receive, send)
    |   File "C:\Users\hhoyos\AppData\Local\Programs\Python\Python314\Lib\site-packages\starlette\routing.py", line 660, in __call__
    |     await self.middleware_stack(scope, receive, send)
    |   File "C:\Users\hhoyos\AppData\Local\Programs\Python\Python314\Lib\site-packages\starlette\routing.py", line 680, in app
    |     await route.handle(scope, receive, send)
    |   File "C:\Users\hhoyos\AppData\Local\Programs\Python\Python314\Lib\site-packages\starlette\routing.py", line 276, in handle
    |     await self.app(scope, receive, send)
    |   File "C:\Users\hhoyos\AppData\Local\Programs\Python\Python314\Lib\site-packages\fastapi\routing.py", line 134, in app
    |     await wrap_app_handling_exceptions(app, request)(scope, receive, send)
    |   File "C:\Users\hhoyos\AppData\Local\Programs\Python\Python314\Lib\site-packages\starlette\_exception_handler.py", line 53, in wrapped_app
    |     raise exc
    |   File "C:\Users\hhoyos\AppData\Local\Programs\Python\Python314\Lib\site-packages\starlette\_exception_handler.py", line 42, in wrapped_app
    |     await app(scope, receive, sender)
    |   File "C:\Users\hhoyos\AppData\Local\Programs\Python\Python314\Lib\site-packages\fastapi\routing.py", line 120, in app
    |     response = await f(request)
    |                ^^^^^^^^^^^^^^^^
    |   File "C:\Users\hhoyos\AppData\Local\Programs\Python\Python314\Lib\site-packages\fastapi\routing.py", line 674, in app
    |     raw_response = await run_endpoint_function(
    |                    ^^^^^^^^^^^^^^^^^^^^^^^^^^^^
    |     ...<3 lines>...
    |     )
    |     ^
    |   File "C:\Users\hhoyos\AppData\Local\Programs\Python\Python314\Lib\site-packages\fastapi\routing.py", line 328, in run_endpoint_function
    |     return await dependant.call(**values)
    |            ^^^^^^^^^^^^^^^^^^^^^^^^^^^^^^
    |   File "C:\proycato-de-areroinea\SkyAnalytics\backend\routers\pasajeros.py", line 86, in listar_pasajeros
    |     return PaginatedPasajeros(items=pasajeros, pagination=pagination)
    |   File "C:\Users\hhoyos\AppData\Local\Programs\Python\Python314\Lib\site-packages\pydantic\main.py", line 263, in __init__
    |     validated_self = self.__pydantic_validator__.validate_python(data, self_instance=self)
    | pydantic_core._pydantic_core.ValidationError: 18 validation errors for PaginatedPasajeros
    | items.0.tarjeta_credito
    |   Value error, N·mero de tarjeta de crÚdito invßlido (Luhn checksum fallo) [type=value_error, input_value='4532-2972-9383-2864', input_type=str]
    |     For further information visit https://errors.pydantic.dev/2.13/v/value_error
    | items.0.tarjeta_debito
    |   Value error, N·mero de tarjeta de dÚbito invßlido (Luhn checksum fallo) [type=value_error, input_value='5233-2995-2705-3961', input_type=str]
    |     For further information visit https://errors.pydantic.dev/2.13/v/value_error
    | items.1.tarjeta_credito
    |   Value error, N·mero de tarjeta de crÚdito invßlido (Luhn checksum fallo) [type=value_error, input_value='4532-7893-1157-5161', input_type=str]
    |     For further information visit https://errors.pydantic.dev/2.13/v/value_error
    | items.1.tarjeta_debito
    |   Value error, N·mero de tarjeta de dÚbito invßlido (Luhn checksum fallo) [type=value_error, input_value='5233-2861-9901-7234', input_type=str]
    |     For further information visit https://errors.pydantic.dev/2.13/v/value_error
    | items.2.tarjeta_debito
    |   Value error, N·mero de tarjeta de dÚbito invßlido (Luhn checksum fallo) [type=value_error, input_value='5233-5248-6615-2420', input_type=str]
    |     For further information visit https://errors.pydantic.dev/2.13/v/value_error
    | items.3.tarjeta_credito
    |   Value error, N·mero de tarjeta de crÚdito invßlido (Luhn checksum fallo) [type=value_error, input_value='4532-1379-5042-7895', input_type=str]
    |     For further information visit https://errors.pydantic.dev/2.13/v/value_error
    | items.3.tarjeta_debito
    |   Value error, N·mero de tarjeta de dÚbito invßlido (Luhn checksum fallo) [type=value_error, input_value='5233-4227-9655-8337', input_type=str]
    |     For further information visit https://errors.pydantic.dev/2.13/v/value_error
    | items.4.tarjeta_credito
    |   Value error, N·mero de tarjeta de crÚdito invßlido (Luhn checksum fallo) [type=value_error, input_value='4532-6202-7550-2941', input_type=str]
    |     For further information visit https://errors.pydantic.dev/2.13/v/value_error
    | items.4.tarjeta_debito
    |   Value error, N·mero de tarjeta de dÚbito invßlido (Luhn checksum fallo) [type=value_error, input_value='5233-7399-9334-8570', input_type=str]
    |     For further information visit https://errors.pydantic.dev/2.13/v/value_error
    | items.5.tarjeta_credito
    |   Value error, N·mero de tarjeta de crÚdito invßlido (Luhn checksum fallo) [type=value_error, input_value='4532-5916-9438-5056', input_type=str]
    |     For further information visit https://errors.pydantic.dev/2.13/v/value_error
    | items.5.tarjeta_debito
    |   Value error, N·mero de tarjeta de dÚbito invßlido (Luhn checksum fallo) [type=value_error, input_value='5233-8483-8262-5885', input_type=str]
    |     For further information visit https://errors.pydantic.dev/2.13/v/value_error
    | items.6.tarjeta_credito
    |   Value error, N·mero de tarjeta de crÚdito invßlido (Luhn checksum fallo) [type=value_error, input_value='4532-7242-7358-4943', input_type=str]
    |     For further information visit https://errors.pydantic.dev/2.13/v/value_error
    | items.6.tarjeta_debito
    |   Value error, N·mero de tarjeta de dÚbito invßlido (Luhn checksum fallo) [type=value_error, input_value='5233-5901-4763-3198', input_type=str]
    |     For further information visit https://errors.pydantic.dev/2.13/v/value_error
    | items.7.tarjeta_credito
    |   Value error, N·mero de tarjeta de crÚdito invßlido (Luhn checksum fallo) [type=value_error, input_value='4532-1682-2727-5530', input_type=str]
    |     For further information visit https://errors.pydantic.dev/2.13/v/value_error
    | items.8.tarjeta_credito
    |   Value error, N·mero de tarjeta de crÚdito invßlido (Luhn checksum fallo) [type=value_error, input_value='4532-5323-9989-2579', input_type=str]
    |     For further information visit https://errors.pydantic.dev/2.13/v/value_error
    | items.8.tarjeta_debito
    |   Value error, N·mero de tarjeta de dÚbito invßlido (Luhn checksum fallo) [type=value_error, input_value='5233-5703-2812-6441', input_type=str]
    |     For further information visit https://errors.pydantic.dev/2.13/v/value_error
    | items.9.tarjeta_credito
    |   Value error, N·mero de tarjeta de crÚdito invßlido (Luhn checksum fallo) [type=value_error, input_value='4532-8052-9065-6720', input_type=str]
    |     For further information visit https://errors.pydantic.dev/2.13/v/value_error
    | items.9.tarjeta_debito
    |   Value error, N·mero de tarjeta de dÚbito invßlido (Luhn checksum fallo) [type=value_error, input_value='5233-5323-5438-4053', input_type=str]
    |     For further information visit https://errors.pydantic.dev/2.13/v/value_error
    +------------------------------------

The above exception was the direct cause of the following exception:

Traceback (most recent call last):
  File "C:\Users\hhoyos\AppData\Local\Programs\Python\Python314\Lib\site-packages\uvicorn\protocols\http\httptools_impl.py", line 421, in run_asgi
    result = await app(  # type: ignore[func-returns-value]
             ^^^^^^^^^^^^^^^^^^^^^^^^^^^^^^^^^^^^^^^^^^^^^^
        self.scope, self.receive, self.send
        ^^^^^^^^^^^^^^^^^^^^^^^^^^^^^^^^^^^
    )
    ^
  File "C:\Users\hhoyos\AppData\Local\Programs\Python\Python314\Lib\site-packages\uvicorn\middleware\proxy_headers.py", line 56, in __call__
    return await self.app(scope, receive, send)
           ^^^^^^^^^^^^^^^^^^^^^^^^^^^^^^^^^^^^
  File "C:\Users\hhoyos\AppData\Local\Programs\Python\Python314\Lib\site-packages\fastapi\applications.py", line 1159, in __call__
    await super().__call__(scope, receive, send)
  File "C:\Users\hhoyos\AppData\Local\Programs\Python\Python314\Lib\site-packages\starlette\applications.py", line 90, in __call__
    await self.middleware_stack(scope, receive, send)
  File "C:\Users\hhoyos\AppData\Local\Programs\Python\Python314\Lib\site-packages\starlette\middleware\errors.py", line 186, in __call__
    raise exc
  File "C:\Users\hhoyos\AppData\Local\Programs\Python\Python314\Lib\site-packages\starlette\middleware\errors.py", line 164, in __call__
    await self.app(scope, receive, _send)
  File "C:\Users\hhoyos\AppData\Local\Programs\Python\Python314\Lib\site-packages\starlette\middleware\cors.py", line 96, in __call__
    await self.simple_response(scope, receive, send, request_headers=headers)
  File "C:\Users\hhoyos\AppData\Local\Programs\Python\Python314\Lib\site-packages\starlette\middleware\cors.py", line 154, in simple_response
    await self.app(scope, receive, send)
  File "C:\Users\hhoyos\AppData\Local\Programs\Python\Python314\Lib\site-packages\starlette\middleware\base.py", line 191, in __call__
    with recv_stream, send_stream, collapse_excgroups():
                                   ~~~~~~~~~~~~~~~~~~^^
  File "C:\Users\hhoyos\AppData\Local\Programs\Python\Python314\Lib\contextlib.py", line 162, in __exit__
    self.gen.throw(value)
    ~~~~~~~~~~~~~~^^^^^^^
  File "C:\Users\hhoyos\AppData\Local\Programs\Python\Python314\Lib\site-packages\starlette\_utils.py", line 87, in collapse_excgroups
    raise exc
  File "C:\Users\hhoyos\AppData\Local\Programs\Python\Python314\Lib\site-packages\starlette\middleware\base.py", line 193, in __call__
    response = await self.dispatch_func(request, call_next)
               ^^^^^^^^^^^^^^^^^^^^^^^^^^^^^^^^^^^^^^^^^^^^
  File "C:\proycato-de-areroinea\SkyAnalytics\backend\middleware\logging_middleware.py", line 18, in dispatch
    response = await call_next(request)
               ^^^^^^^^^^^^^^^^^^^^^^^^
  File "C:\Users\hhoyos\AppData\Local\Programs\Python\Python314\Lib\site-packages\starlette\middleware\base.py", line 168, in call_next
    raise app_exc from app_exc.__cause__ or app_exc.__context__
  File "C:\Users\hhoyos\AppData\Local\Programs\Python\Python314\Lib\site-packages\starlette\middleware\base.py", line 144, in coro
    await self.app(scope, receive_or_disconnect, send_no_error)
  File "C:\Users\hhoyos\AppData\Local\Programs\Python\Python314\Lib\site-packages\starlette\middleware\base.py", line 191, in __call__
    with recv_stream, send_stream, collapse_excgroups():
                                   ~~~~~~~~~~~~~~~~~~^^
  File "C:\Users\hhoyos\AppData\Local\Programs\Python\Python314\Lib\contextlib.py", line 162, in __exit__
    self.gen.throw(value)
    ~~~~~~~~~~~~~~^^^^^^^
  File "C:\Users\hhoyos\AppData\Local\Programs\Python\Python314\Lib\site-packages\starlette\_utils.py", line 87, in collapse_excgroups
    raise exc
  File "C:\Users\hhoyos\AppData\Local\Programs\Python\Python314\Lib\site-packages\starlette\middleware\base.py", line 193, in __call__
    response = await self.dispatch_func(request, call_next)
               ^^^^^^^^^^^^^^^^^^^^^^^^^^^^^^^^^^^^^^^^^^^^
  File "C:\Users\hhoyos\AppData\Local\Programs\Python\Python314\Lib\site-packages\slowapi\middleware.py", line 136, in dispatch
    response = await call_next(request)
               ^^^^^^^^^^^^^^^^^^^^^^^^
  File "C:\Users\hhoyos\AppData\Local\Programs\Python\Python314\Lib\site-packages\starlette\middleware\base.py", line 168, in call_next
    raise app_exc from app_exc.__cause__ or app_exc.__context__
  File "C:\Users\hhoyos\AppData\Local\Programs\Python\Python314\Lib\site-packages\starlette\middleware\base.py", line 144, in coro
    await self.app(scope, receive_or_disconnect, send_no_error)
  File "C:\Users\hhoyos\AppData\Local\Programs\Python\Python314\Lib\site-packages\starlette\middleware\exceptions.py", line 63, in __call__
    await wrap_app_handling_exceptions(self.app, conn)(scope, receive, send)
  File "C:\Users\hhoyos\AppData\Local\Programs\Python\Python314\Lib\site-packages\starlette\_exception_handler.py", line 53, in wrapped_app
    raise exc
  File "C:\Users\hhoyos\AppData\Local\Programs\Python\Python314\Lib\site-packages\starlette\_exception_handler.py", line 42, in wrapped_app
    await app(scope, receive, sender)
  File "C:\Users\hhoyos\AppData\Local\Programs\Python\Python314\Lib\site-packages\fastapi\middleware\asyncexitstack.py", line 18, in __call__
    await self.app(scope, receive, send)
  File "C:\Users\hhoyos\AppData\Local\Programs\Python\Python314\Lib\site-packages\starlette\routing.py", line 660, in __call__
    await self.middleware_stack(scope, receive, send)
  File "C:\Users\hhoyos\AppData\Local\Programs\Python\Python314\Lib\site-packages\starlette\routing.py", line 680, in app
    await route.handle(scope, receive, send)
  File "C:\Users\hhoyos\AppData\Local\Programs\Python\Python314\Lib\site-packages\starlette\routing.py", line 276, in handle
    await self.app(scope, receive, send)
  File "C:\Users\hhoyos\AppData\Local\Programs\Python\Python314\Lib\site-packages\fastapi\routing.py", line 134, in app
    await wrap_app_handling_exceptions(app, request)(scope, receive, send)
  File "C:\Users\hhoyos\AppData\Local\Programs\Python\Python314\Lib\site-packages\starlette\_exception_handler.py", line 53, in wrapped_app
    raise exc
  File "C:\Users\hhoyos\AppData\Local\Programs\Python\Python314\Lib\site-packages\starlette\_exception_handler.py", line 42, in wrapped_app
    await app(scope, receive, sender)
  File "C:\Users\hhoyos\AppData\Local\Programs\Python\Python314\Lib\site-packages\fastapi\routing.py", line 120, in app
    response = await f(request)
               ^^^^^^^^^^^^^^^^
  File "C:\Users\hhoyos\AppData\Local\Programs\Python\Python314\Lib\site-packages\fastapi\routing.py", line 674, in app
    raw_response = await run_endpoint_function(
                   ^^^^^^^^^^^^^^^^^^^^^^^^^^^^
    ...<3 lines>...
    )
    ^
  File "C:\Users\hhoyos\AppData\Local\Programs\Python\Python314\Lib\site-packages\fastapi\routing.py", line 328, in run_endpoint_function
    return await dependant.call(**values)
           ^^^^^^^^^^^^^^^^^^^^^^^^^^^^^^
  File "C:\proycato-de-areroinea\SkyAnalytics\backend\routers\pasajeros.py", line 86, in listar_pasajeros
    return PaginatedPasajeros(items=pasajeros, pagination=pagination)
  File "C:\Users\hhoyos\AppData\Local\Programs\Python\Python314\Lib\site-packages\pydantic\main.py", line 263, in __init__
    validated_self = self.__pydantic_validator__.validate_python(data, self_instance=self)
pydantic_core._pydantic_core.ValidationError: 18 validation errors for PaginatedPasajeros
items.0.tarjeta_credito
  Value error, N·mero de tarjeta de crÚdito invßlido (Luhn checksum fallo) [type=value_error, input_value='4532-2972-9383-2864', input_type=str]
    For further information visit https://errors.pydantic.dev/2.13/v/value_error
items.0.tarjeta_debito
  Value error, N·mero de tarjeta de dÚbito invßlido (Luhn checksum fallo) [type=value_error, input_value='5233-2995-2705-3961', input_type=str]
    For further information visit https://errors.pydantic.dev/2.13/v/value_error
items.1.tarjeta_credito
  Value error, N·mero de tarjeta de crÚdito invßlido (Luhn checksum fallo) [type=value_error, input_value='4532-7893-1157-5161', input_type=str]
    For further information visit https://errors.pydantic.dev/2.13/v/value_error
items.1.tarjeta_debito
  Value error, N·mero de tarjeta de dÚbito invßlido (Luhn checksum fallo) [type=value_error, input_value='5233-2861-9901-7234', input_type=str]
    For further information visit https://errors.pydantic.dev/2.13/v/value_error
items.2.tarjeta_debito
  Value error, N·mero de tarjeta de dÚbito invßlido (Luhn checksum fallo) [type=value_error, input_value='5233-5248-6615-2420', input_type=str]
    For further information visit https://errors.pydantic.dev/2.13/v/value_error
items.3.tarjeta_credito
  Value error, N·mero de tarjeta de crÚdito invßlido (Luhn checksum fallo) [type=value_error, input_value='4532-1379-5042-7895', input_type=str]
    For further information visit https://errors.pydantic.dev/2.13/v/value_error
items.3.tarjeta_debito
  Value error, N·mero de tarjeta de dÚbito invßlido (Luhn checksum fallo) [type=value_error, input_value='5233-4227-9655-8337', input_type=str]
    For further information visit https://errors.pydantic.dev/2.13/v/value_error
items.4.tarjeta_credito
  Value error, N·mero de tarjeta de crÚdito invßlido (Luhn checksum fallo) [type=value_error, input_value='4532-6202-7550-2941', input_type=str]
    For further information visit https://errors.pydantic.dev/2.13/v/value_error
items.4.tarjeta_debito
  Value error, N·mero de tarjeta de dÚbito invßlido (Luhn checksum fallo) [type=value_error, input_value='5233-7399-9334-8570', input_type=str]
    For further information visit https://errors.pydantic.dev/2.13/v/value_error
items.5.tarjeta_credito
  Value error, N·mero de tarjeta de crÚdito invßlido (Luhn checksum fallo) [type=value_error, input_value='4532-5916-9438-5056', input_type=str]
    For further information visit https://errors.pydantic.dev/2.13/v/value_error
items.5.tarjeta_debito
  Value error, N·mero de tarjeta de dÚbito invßlido (Luhn checksum fallo) [type=value_error, input_value='5233-8483-8262-5885', input_type=str]
    For further information visit https://errors.pydantic.dev/2.13/v/value_error
items.6.tarjeta_credito
  Value error, N·mero de tarjeta de crÚdito invßlido (Luhn checksum fallo) [type=value_error, input_value='4532-7242-7358-4943', input_type=str]
    For further information visit https://errors.pydantic.dev/2.13/v/value_error
items.6.tarjeta_debito
  Value error, N·mero de tarjeta de dÚbito invßlido (Luhn checksum fallo) [type=value_error, input_value='5233-5901-4763-3198', input_type=str]
    For further information visit https://errors.pydantic.dev/2.13/v/value_error
items.7.tarjeta_credito
  Value error, N·mero de tarjeta de crÚdito invßlido (Luhn checksum fallo) [type=value_error, input_value='4532-1682-2727-5530', input_type=str]
    For further information visit https://errors.pydantic.dev/2.13/v/value_error
items.8.tarjeta_credito
  Value error, N·mero de tarjeta de crÚdito invßlido (Luhn checksum fallo) [type=value_error, input_value='4532-5323-9989-2579', input_type=str]
    For further information visit https://errors.pydantic.dev/2.13/v/value_error
items.8.tarjeta_debito
  Value error, N·mero de tarjeta de dÚbito invßlido (Luhn checksum fallo) [type=value_error, input_value='5233-5703-2812-6441', input_type=str]
    For further information visit https://errors.pydantic.dev/2.13/v/value_error
items.9.tarjeta_credito
  Value error, N·mero de tarjeta de crÚdito invßlido (Luhn checksum fallo) [type=value_error, input_value='4532-8052-9065-6720', input_type=str]
    For further information visit https://errors.pydantic.dev/2.13/v/value_error
items.9.tarjeta_debito
  Value error, N·mero de tarjeta de dÚbito invßlido (Luhn checksum fallo) [type=value_error, input_value='5233-5323-5438-4053', input_type=str]
    For further information visit https://errors.pydantic.dev/2.13/v/value_error
ERROR:middleware.errors:Error no controlado: 18 validation errors for PaginatedPasajeros
items.0.tarjeta_credito
  Value error, N·mero de tarjeta de crÚdito invßlido (Luhn checksum fallo) [type=value_error, input_value='4532-2972-9383-2864', input_type=str]
    For further information visit https://errors.pydantic.dev/2.13/v/value_error
items.0.tarjeta_debito
  Value error, N·mero de tarjeta de dÚbito invßlido (Luhn checksum fallo) [type=value_error, input_value='5233-2995-2705-3961', input_type=str]
    For further information visit https://errors.pydantic.dev/2.13/v/value_error
items.1.tarjeta_credito
  Value error, N·mero de tarjeta de crÚdito invßlido (Luhn checksum fallo) [type=value_error, input_value='4532-7893-1157-5161', input_type=str]
    For further information visit https://errors.pydantic.dev/2.13/v/value_error
items.1.tarjeta_debito
  Value error, N·mero de tarjeta de dÚbito invßlido (Luhn checksum fallo) [type=value_error, input_value='5233-2861-9901-7234', input_type=str]
    For further information visit https://errors.pydantic.dev/2.13/v/value_error
items.2.tarjeta_debito
  Value error, N·mero de tarjeta de dÚbito invßlido (Luhn checksum fallo) [type=value_error, input_value='5233-5248-6615-2420', input_type=str]
    For further information visit https://errors.pydantic.dev/2.13/v/value_error
items.3.tarjeta_credito
  Value error, N·mero de tarjeta de crÚdito invßlido (Luhn checksum fallo) [type=value_error, input_value='4532-1379-5042-7895', input_type=str]
    For further information visit https://errors.pydantic.dev/2.13/v/value_error
items.3.tarjeta_debito
  Value error, N·mero de tarjeta de dÚbito invßlido (Luhn checksum fallo) [type=value_error, input_value='5233-4227-9655-8337', input_type=str]
    For further information visit https://errors.pydantic.dev/2.13/v/value_error
items.4.tarjeta_credito
  Value error, N·mero de tarjeta de crÚdito invßlido (Luhn checksum fallo) [type=value_error, input_value='4532-6202-7550-2941', input_type=str]
    For further information visit https://errors.pydantic.dev/2.13/v/value_error
items.4.tarjeta_debito
  Value error, N·mero de tarjeta de dÚbito invßlido (Luhn checksum fallo) [type=value_error, input_value='5233-7399-9334-8570', input_type=str]
    For further information visit https://errors.pydantic.dev/2.13/v/value_error
items.5.tarjeta_credito
  Value error, N·mero de tarjeta de crÚdito invßlido (Luhn checksum fallo) [type=value_error, input_value='4532-5916-9438-5056', input_type=str]
    For further information visit https://errors.pydantic.dev/2.13/v/value_error
items.5.tarjeta_debito
  Value error, N·mero de tarjeta de dÚbito invßlido (Luhn checksum fallo) [type=value_error, input_value='5233-8483-8262-5885', input_type=str]
    For further information visit https://errors.pydantic.dev/2.13/v/value_error
items.6.tarjeta_credito
  Value error, N·mero de tarjeta de crÚdito invßlido (Luhn checksum fallo) [type=value_error, input_value='4532-7242-7358-4943', input_type=str]
    For further information visit https://errors.pydantic.dev/2.13/v/value_error
items.6.tarjeta_debito
  Value error, N·mero de tarjeta de dÚbito invßlido (Luhn checksum fallo) [type=value_error, input_value='5233-5901-4763-3198', input_type=str]
    For further information visit https://errors.pydantic.dev/2.13/v/value_error
items.7.tarjeta_credito
  Value error, N·mero de tarjeta de crÚdito invßlido (Luhn checksum fallo) [type=value_error, input_value='4532-1682-2727-5530', input_type=str]
    For further information visit https://errors.pydantic.dev/2.13/v/value_error
items.8.tarjeta_credito
  Value error, N·mero de tarjeta de crÚdito invßlido (Luhn checksum fallo) [type=value_error, input_value='4532-5323-9989-2579', input_type=str]
    For further information visit https://errors.pydantic.dev/2.13/v/value_error
items.8.tarjeta_debito
  Value error, N·mero de tarjeta de dÚbito invßlido (Luhn checksum fallo) [type=value_error, input_value='5233-5703-2812-6441', input_type=str]
    For further information visit https://errors.pydantic.dev/2.13/v/value_error
items.9.tarjeta_credito
  Value error, N·mero de tarjeta de crÚdito invßlido (Luhn checksum fallo) [type=value_error, input_value='4532-8052-9065-6720', input_type=str]
    For further information visit https://errors.pydantic.dev/2.13/v/value_error
items.9.tarjeta_debito
  Value error, N·mero de tarjeta de dÚbito invßlido (Luhn checksum fallo) [type=value_error, input_value='5233-5323-5438-4053', input_type=str]
    For further information visit https://errors.pydantic.dev/2.13/v/value_error
  + Exception Group Traceback (most recent call last):
  |   File "C:\Users\hhoyos\AppData\Local\Programs\Python\Python314\Lib\site-packages\starlette\_utils.py", line 81, in collapse_excgroups
  |     yield
  |   File "C:\Users\hhoyos\AppData\Local\Programs\Python\Python314\Lib\site-packages\starlette\middleware\base.py", line 192, in __call__
  |     async with anyio.create_task_group() as task_group:
  |                ~~~~~~~~~~~~~~~~~~~~~~~^^
  |   File "C:\Users\hhoyos\AppData\Local\Programs\Python\Python314\Lib\site-packages\anyio\_backends\_asyncio.py", line 799, in __aexit__
  |     raise BaseExceptionGroup(
  |         "unhandled errors in a TaskGroup", self._exceptions
  |     ) from None
  | ExceptionGroup: unhandled errors in a TaskGroup (1 sub-exception)
  +-+---------------- 1 ----------------
    | Traceback (most recent call last):
    |   File "C:\Users\hhoyos\AppData\Local\Programs\Python\Python314\Lib\site-packages\starlette\middleware\errors.py", line 164, in __call__
    |     await self.app(scope, receive, _send)
    |   File "C:\Users\hhoyos\AppData\Local\Programs\Python\Python314\Lib\site-packages\starlette\middleware\cors.py", line 96, in __call__
    |     await self.simple_response(scope, receive, send, request_headers=headers)
    |   File "C:\Users\hhoyos\AppData\Local\Programs\Python\Python314\Lib\site-packages\starlette\middleware\cors.py", line 154, in simple_response
    |     await self.app(scope, receive, send)
    |   File "C:\Users\hhoyos\AppData\Local\Programs\Python\Python314\Lib\site-packages\starlette\middleware\base.py", line 191, in __call__
    |     with recv_stream, send_stream, collapse_excgroups():
    |                                    ~~~~~~~~~~~~~~~~~~^^
    |   File "C:\Users\hhoyos\AppData\Local\Programs\Python\Python314\Lib\contextlib.py", line 162, in __exit__
    |     self.gen.throw(value)
    |     ~~~~~~~~~~~~~~^^^^^^^
    |   File "C:\Users\hhoyos\AppData\Local\Programs\Python\Python314\Lib\site-packages\starlette\_utils.py", line 87, in collapse_excgroups
    |     raise exc
    |   File "C:\Users\hhoyos\AppData\Local\Programs\Python\Python314\Lib\site-packages\starlette\middleware\base.py", line 193, in __call__
    |     response = await self.dispatch_func(request, call_next)
    |                ^^^^^^^^^^^^^^^^^^^^^^^^^^^^^^^^^^^^^^^^^^^^
    |   File "C:\proycato-de-areroinea\SkyAnalytics\backend\middleware\logging_middleware.py", line 18, in dispatch
    |     response = await call_next(request)
    |                ^^^^^^^^^^^^^^^^^^^^^^^^
    |   File "C:\Users\hhoyos\AppData\Local\Programs\Python\Python314\Lib\site-packages\starlette\middleware\base.py", line 168, in call_next
    |     raise app_exc from app_exc.__cause__ or app_exc.__context__
    |   File "C:\Users\hhoyos\AppData\Local\Programs\Python\Python314\Lib\site-packages\starlette\middleware\base.py", line 144, in coro
    |     await self.app(scope, receive_or_disconnect, send_no_error)
    |   File "C:\Users\hhoyos\AppData\Local\Programs\Python\Python314\Lib\site-packages\starlette\middleware\base.py", line 191, in __call__
    |     with recv_stream, send_stream, collapse_excgroups():
    |                                    ~~~~~~~~~~~~~~~~~~^^
    |   File "C:\Users\hhoyos\AppData\Local\Programs\Python\Python314\Lib\contextlib.py", line 162, in __exit__
    |     self.gen.throw(value)
    |     ~~~~~~~~~~~~~~^^^^^^^
    |   File "C:\Users\hhoyos\AppData\Local\Programs\Python\Python314\Lib\site-packages\starlette\_utils.py", line 87, in collapse_excgroups
    |     raise exc
    |   File "C:\Users\hhoyos\AppData\Local\Programs\Python\Python314\Lib\site-packages\starlette\middleware\base.py", line 193, in __call__
    |     response = await self.dispatch_func(request, call_next)
    |                ^^^^^^^^^^^^^^^^^^^^^^^^^^^^^^^^^^^^^^^^^^^^
    |   File "C:\Users\hhoyos\AppData\Local\Programs\Python\Python314\Lib\site-packages\slowapi\middleware.py", line 136, in dispatch
    |     response = await call_next(request)
    |                ^^^^^^^^^^^^^^^^^^^^^^^^
    |   File "C:\Users\hhoyos\AppData\Local\Programs\Python\Python314\Lib\site-packages\starlette\middleware\base.py", line 168, in call_next
    |     raise app_exc from app_exc.__cause__ or app_exc.__context__
    |   File "C:\Users\hhoyos\AppData\Local\Programs\Python\Python314\Lib\site-packages\starlette\middleware\base.py", line 144, in coro
    |     await self.app(scope, receive_or_disconnect, send_no_error)
    |   File "C:\Users\hhoyos\AppData\Local\Programs\Python\Python314\Lib\site-packages\starlette\middleware\exceptions.py", line 63, in __call__
    |     await wrap_app_handling_exceptions(self.app, conn)(scope, receive, send)
    |   File "C:\Users\hhoyos\AppData\Local\Programs\Python\Python314\Lib\site-packages\starlette\_exception_handler.py", line 53, in wrapped_app
    |     raise exc
    |   File "C:\Users\hhoyos\AppData\Local\Programs\Python\Python314\Lib\site-packages\starlette\_exception_handler.py", line 42, in wrapped_app
    |     await app(scope, receive, sender)
    |   File "C:\Users\hhoyos\AppData\Local\Programs\Python\Python314\Lib\site-packages\fastapi\middleware\asyncexitstack.py", line 18, in __call__
    |     await self.app(scope, receive, send)
    |   File "C:\Users\hhoyos\AppData\Local\Programs\Python\Python314\Lib\site-packages\starlette\routing.py", line 660, in __call__
    |     await self.middleware_stack(scope, receive, send)
    |   File "C:\Users\hhoyos\AppData\Local\Programs\Python\Python314\Lib\site-packages\starlette\routing.py", line 680, in app
    |     await route.handle(scope, receive, send)
    |   File "C:\Users\hhoyos\AppData\Local\Programs\Python\Python314\Lib\site-packages\starlette\routing.py", line 276, in handle
    |     await self.app(scope, receive, send)
    |   File "C:\Users\hhoyos\AppData\Local\Programs\Python\Python314\Lib\site-packages\fastapi\routing.py", line 134, in app
    |     await wrap_app_handling_exceptions(app, request)(scope, receive, send)
    |   File "C:\Users\hhoyos\AppData\Local\Programs\Python\Python314\Lib\site-packages\starlette\_exception_handler.py", line 53, in wrapped_app
    |     raise exc
    |   File "C:\Users\hhoyos\AppData\Local\Programs\Python\Python314\Lib\site-packages\starlette\_exception_handler.py", line 42, in wrapped_app
    |     await app(scope, receive, sender)
    |   File "C:\Users\hhoyos\AppData\Local\Programs\Python\Python314\Lib\site-packages\fastapi\routing.py", line 120, in app
    |     response = await f(request)
    |                ^^^^^^^^^^^^^^^^
    |   File "C:\Users\hhoyos\AppData\Local\Programs\Python\Python314\Lib\site-packages\fastapi\routing.py", line 674, in app
    |     raw_response = await run_endpoint_function(
    |                    ^^^^^^^^^^^^^^^^^^^^^^^^^^^^
    |     ...<3 lines>...
    |     )
    |     ^
    |   File "C:\Users\hhoyos\AppData\Local\Programs\Python\Python314\Lib\site-packages\fastapi\routing.py", line 328, in run_endpoint_function
    |     return await dependant.call(**values)
    |            ^^^^^^^^^^^^^^^^^^^^^^^^^^^^^^
    |   File "C:\proycato-de-areroinea\SkyAnalytics\backend\routers\pasajeros.py", line 86, in listar_pasajeros
    |     return PaginatedPasajeros(items=pasajeros, pagination=pagination)
    |   File "C:\Users\hhoyos\AppData\Local\Programs\Python\Python314\Lib\site-packages\pydantic\main.py", line 263, in __init__
    |     validated_self = self.__pydantic_validator__.validate_python(data, self_instance=self)
    | pydantic_core._pydantic_core.ValidationError: 18 validation errors for PaginatedPasajeros
    | items.0.tarjeta_credito
    |   Value error, N·mero de tarjeta de crÚdito invßlido (Luhn checksum fallo) [type=value_error, input_value='4532-2972-9383-2864', input_type=str]
    |     For further information visit https://errors.pydantic.dev/2.13/v/value_error
    | items.0.tarjeta_debito
    |   Value error, N·mero de tarjeta de dÚbito invßlido (Luhn checksum fallo) [type=value_error, input_value='5233-2995-2705-3961', input_type=str]
    |     For further information visit https://errors.pydantic.dev/2.13/v/value_error
    | items.1.tarjeta_credito
    |   Value error, N·mero de tarjeta de crÚdito invßlido (Luhn checksum fallo) [type=value_error, input_value='4532-7893-1157-5161', input_type=str]
    |     For further information visit https://errors.pydantic.dev/2.13/v/value_error
    | items.1.tarjeta_debito
    |   Value error, N·mero de tarjeta de dÚbito invßlido (Luhn checksum fallo) [type=value_error, input_value='5233-2861-9901-7234', input_type=str]
    |     For further information visit https://errors.pydantic.dev/2.13/v/value_error
    | items.2.tarjeta_debito
    |   Value error, N·mero de tarjeta de dÚbito invßlido (Luhn checksum fallo) [type=value_error, input_value='5233-5248-6615-2420', input_type=str]
    |     For further information visit https://errors.pydantic.dev/2.13/v/value_error
    | items.3.tarjeta_credito
    |   Value error, N·mero de tarjeta de crÚdito invßlido (Luhn checksum fallo) [type=value_error, input_value='4532-1379-5042-7895', input_type=str]
    |     For further information visit https://errors.pydantic.dev/2.13/v/value_error
    | items.3.tarjeta_debito
    |   Value error, N·mero de tarjeta de dÚbito invßlido (Luhn checksum fallo) [type=value_error, input_value='5233-4227-9655-8337', input_type=str]
    |     For further information visit https://errors.pydantic.dev/2.13/v/value_error
    | items.4.tarjeta_credito
    |   Value error, N·mero de tarjeta de crÚdito invßlido (Luhn checksum fallo) [type=value_error, input_value='4532-6202-7550-2941', input_type=str]
    |     For further information visit https://errors.pydantic.dev/2.13/v/value_error
    | items.4.tarjeta_debito
    |   Value error, N·mero de tarjeta de dÚbito invßlido (Luhn checksum fallo) [type=value_error, input_value='5233-7399-9334-8570', input_type=str]
    |     For further information visit https://errors.pydantic.dev/2.13/v/value_error
    | items.5.tarjeta_credito
    |   Value error, N·mero de tarjeta de crÚdito invßlido (Luhn checksum fallo) [type=value_error, input_value='4532-5916-9438-5056', input_type=str]
    |     For further information visit https://errors.pydantic.dev/2.13/v/value_error
    | items.5.tarjeta_debito
    |   Value error, N·mero de tarjeta de dÚbito invßlido (Luhn checksum fallo) [type=value_error, input_value='5233-8483-8262-5885', input_type=str]
    |     For further information visit https://errors.pydantic.dev/2.13/v/value_error
    | items.6.tarjeta_credito
    |   Value error, N·mero de tarjeta de crÚdito invßlido (Luhn checksum fallo) [type=value_error, input_value='4532-7242-7358-4943', input_type=str]
    |     For further information visit https://errors.pydantic.dev/2.13/v/value_error
    | items.6.tarjeta_debito
    |   Value error, N·mero de tarjeta de dÚbito invßlido (Luhn checksum fallo) [type=value_error, input_value='5233-5901-4763-3198', input_type=str]
    |     For further information visit https://errors.pydantic.dev/2.13/v/value_error
    | items.7.tarjeta_credito
    |   Value error, N·mero de tarjeta de crÚdito invßlido (Luhn checksum fallo) [type=value_error, input_value='4532-1682-2727-5530', input_type=str]
    |     For further information visit https://errors.pydantic.dev/2.13/v/value_error
    | items.8.tarjeta_credito
    |   Value error, N·mero de tarjeta de crÚdito invßlido (Luhn checksum fallo) [type=value_error, input_value='4532-5323-9989-2579', input_type=str]
    |     For further information visit https://errors.pydantic.dev/2.13/v/value_error
    | items.8.tarjeta_debito
    |   Value error, N·mero de tarjeta de dÚbito invßlido (Luhn checksum fallo) [type=value_error, input_value='5233-5703-2812-6441', input_type=str]
    |     For further information visit https://errors.pydantic.dev/2.13/v/value_error
    | items.9.tarjeta_credito
    |   Value error, N·mero de tarjeta de crÚdito invßlido (Luhn checksum fallo) [type=value_error, input_value='4532-8052-9065-6720', input_type=str]
    |     For further information visit https://errors.pydantic.dev/2.13/v/value_error
    | items.9.tarjeta_debito
    |   Value error, N·mero de tarjeta de dÚbito invßlido (Luhn checksum fallo) [type=value_error, input_value='5233-5323-5438-4053', input_type=str]
    |     For further information visit https://errors.pydantic.dev/2.13/v/value_error
    +------------------------------------

The above exception was the direct cause of the following exception:

Traceback (most recent call last):
  File "C:\Users\hhoyos\AppData\Local\Programs\Python\Python314\Lib\site-packages\starlette\middleware\errors.py", line 164, in __call__
    await self.app(scope, receive, _send)
  File "C:\Users\hhoyos\AppData\Local\Programs\Python\Python314\Lib\site-packages\starlette\middleware\cors.py", line 96, in __call__
    await self.simple_response(scope, receive, send, request_headers=headers)
  File "C:\Users\hhoyos\AppData\Local\Programs\Python\Python314\Lib\site-packages\starlette\middleware\cors.py", line 154, in simple_response
    await self.app(scope, receive, send)
  File "C:\Users\hhoyos\AppData\Local\Programs\Python\Python314\Lib\site-packages\starlette\middleware\base.py", line 191, in __call__
    with recv_stream, send_stream, collapse_excgroups():
                                   ~~~~~~~~~~~~~~~~~~^^
  File "C:\Users\hhoyos\AppData\Local\Programs\Python\Python314\Lib\contextlib.py", line 162, in __exit__
    self.gen.throw(value)
    ~~~~~~~~~~~~~~^^^^^^^
  File "C:\Users\hhoyos\AppData\Local\Programs\Python\Python314\Lib\site-packages\starlette\_utils.py", line 87, in collapse_excgroups
    raise exc
  File "C:\Users\hhoyos\AppData\Local\Programs\Python\Python314\Lib\site-packages\starlette\middleware\base.py", line 193, in __call__
    response = await self.dispatch_func(request, call_next)
               ^^^^^^^^^^^^^^^^^^^^^^^^^^^^^^^^^^^^^^^^^^^^
  File "C:\proycato-de-areroinea\SkyAnalytics\backend\middleware\logging_middleware.py", line 18, in dispatch
    response = await call_next(request)
               ^^^^^^^^^^^^^^^^^^^^^^^^
  File "C:\Users\hhoyos\AppData\Local\Programs\Python\Python314\Lib\site-packages\starlette\middleware\base.py", line 168, in call_next
    raise app_exc from app_exc.__cause__ or app_exc.__context__
  File "C:\Users\hhoyos\AppData\Local\Programs\Python\Python314\Lib\site-packages\starlette\middleware\base.py", line 144, in coro
    await self.app(scope, receive_or_disconnect, send_no_error)
  File "C:\Users\hhoyos\AppData\Local\Programs\Python\Python314\Lib\site-packages\starlette\middleware\base.py", line 191, in __call__
    with recv_stream, send_stream, collapse_excgroups():
                                   ~~~~~~~~~~~~~~~~~~^^
  File "C:\Users\hhoyos\AppData\Local\Programs\Python\Python314\Lib\contextlib.py", line 162, in __exit__
    self.gen.throw(value)
    ~~~~~~~~~~~~~~^^^^^^^
  File "C:\Users\hhoyos\AppData\Local\Programs\Python\Python314\Lib\site-packages\starlette\_utils.py", line 87, in collapse_excgroups
    raise exc
  File "C:\Users\hhoyos\AppData\Local\Programs\Python\Python314\Lib\site-packages\starlette\middleware\base.py", line 193, in __call__
    response = await self.dispatch_func(request, call_next)
               ^^^^^^^^^^^^^^^^^^^^^^^^^^^^^^^^^^^^^^^^^^^^
  File "C:\Users\hhoyos\AppData\Local\Programs\Python\Python314\Lib\site-packages\slowapi\middleware.py", line 136, in dispatch
    response = await call_next(request)
               ^^^^^^^^^^^^^^^^^^^^^^^^
  File "C:\Users\hhoyos\AppData\Local\Programs\Python\Python314\Lib\site-packages\starlette\middleware\base.py", line 168, in call_next
    raise app_exc from app_exc.__cause__ or app_exc.__context__
  File "C:\Users\hhoyos\AppData\Local\Programs\Python\Python314\Lib\site-packages\starlette\middleware\base.py", line 144, in coro
    await self.app(scope, receive_or_disconnect, send_no_error)
  File "C:\Users\hhoyos\AppData\Local\Programs\Python\Python314\Lib\site-packages\starlette\middleware\exceptions.py", line 63, in __call__
    await wrap_app_handling_exceptions(self.app, conn)(scope, receive, send)
  File "C:\Users\hhoyos\AppData\Local\Programs\Python\Python314\Lib\site-packages\starlette\_exception_handler.py", line 53, in wrapped_app
    raise exc
  File "C:\Users\hhoyos\AppData\Local\Programs\Python\Python314\Lib\site-packages\starlette\_exception_handler.py", line 42, in wrapped_app
    await app(scope, receive, sender)
  File "C:\Users\hhoyos\AppData\Local\Programs\Python\Python314\Lib\site-packages\fastapi\middleware\asyncexitstack.py", line 18, in __call__
    await self.app(scope, receive, send)
  File "C:\Users\hhoyos\AppData\Local\Programs\Python\Python314\Lib\site-packages\starlette\routing.py", line 660, in __call__
    await self.middleware_stack(scope, receive, send)
  File "C:\Users\hhoyos\AppData\Local\Programs\Python\Python314\Lib\site-packages\starlette\routing.py", line 680, in app
    await route.handle(scope, receive, send)
  File "C:\Users\hhoyos\AppData\Local\Programs\Python\Python314\Lib\site-packages\starlette\routing.py", line 276, in handle
    await self.app(scope, receive, send)
  File "C:\Users\hhoyos\AppData\Local\Programs\Python\Python314\Lib\site-packages\fastapi\routing.py", line 134, in app
    await wrap_app_handling_exceptions(app, request)(scope, receive, send)
  File "C:\Users\hhoyos\AppData\Local\Programs\Python\Python314\Lib\site-packages\starlette\_exception_handler.py", line 53, in wrapped_app
    raise exc
  File "C:\Users\hhoyos\AppData\Local\Programs\Python\Python314\Lib\site-packages\starlette\_exception_handler.py", line 42, in wrapped_app
    await app(scope, receive, sender)
  File "C:\Users\hhoyos\AppData\Local\Programs\Python\Python314\Lib\site-packages\fastapi\routing.py", line 120, in app
    response = await f(request)
               ^^^^^^^^^^^^^^^^
  File "C:\Users\hhoyos\AppData\Local\Programs\Python\Python314\Lib\site-packages\fastapi\routing.py", line 674, in app
    raw_response = await run_endpoint_function(
                   ^^^^^^^^^^^^^^^^^^^^^^^^^^^^
    ...<3 lines>...
    )
    ^
  File "C:\Users\hhoyos\AppData\Local\Programs\Python\Python314\Lib\site-packages\fastapi\routing.py", line 328, in run_endpoint_function
    return await dependant.call(**values)
           ^^^^^^^^^^^^^^^^^^^^^^^^^^^^^^
  File "C:\proycato-de-areroinea\SkyAnalytics\backend\routers\pasajeros.py", line 86, in listar_pasajeros
    return PaginatedPasajeros(items=pasajeros, pagination=pagination)
  File "C:\Users\hhoyos\AppData\Local\Programs\Python\Python314\Lib\site-packages\pydantic\main.py", line 263, in __init__
    validated_self = self.__pydantic_validator__.validate_python(data, self_instance=self)
pydantic_core._pydantic_core.ValidationError: 18 validation errors for PaginatedPasajeros
items.0.tarjeta_credito
  Value error, N·mero de tarjeta de crÚdito invßlido (Luhn checksum fallo) [type=value_error, input_value='4532-2972-9383-2864', input_type=str]
    For further information visit https://errors.pydantic.dev/2.13/v/value_error
items.0.tarjeta_debito
  Value error, N·mero de tarjeta de dÚbito invßlido (Luhn checksum fallo) [type=value_error, input_value='5233-2995-2705-3961', input_type=str]
    For further information visit https://errors.pydantic.dev/2.13/v/value_error
items.1.tarjeta_credito
  Value error, N·mero de tarjeta de crÚdito invßlido (Luhn checksum fallo) [type=value_error, input_value='4532-7893-1157-5161', input_type=str]
    For further information visit https://errors.pydantic.dev/2.13/v/value_error
items.1.tarjeta_debito
  Value error, N·mero de tarjeta de dÚbito invßlido (Luhn checksum fallo) [type=value_error, input_value='5233-2861-9901-7234', input_type=str]
    For further information visit https://errors.pydantic.dev/2.13/v/value_error
items.2.tarjeta_debito
  Value error, N·mero de tarjeta de dÚbito invßlido (Luhn checksum fallo) [type=value_error, input_value='5233-5248-6615-2420', input_type=str]
    For further information visit https://errors.pydantic.dev/2.13/v/value_error
items.3.tarjeta_credito
  Value error, N·mero de tarjeta de crÚdito invßlido (Luhn checksum fallo) [type=value_error, input_value='4532-1379-5042-7895', input_type=str]
    For further information visit https://errors.pydantic.dev/2.13/v/value_error
items.3.tarjeta_debito
  Value error, N·mero de tarjeta de dÚbito invßlido (Luhn checksum fallo) [type=value_error, input_value='5233-4227-9655-8337', input_type=str]
    For further information visit https://errors.pydantic.dev/2.13/v/value_error
items.4.tarjeta_credito
  Value error, N·mero de tarjeta de crÚdito invßlido (Luhn checksum fallo) [type=value_error, input_value='4532-6202-7550-2941', input_type=str]
    For further information visit https://errors.pydantic.dev/2.13/v/value_error
items.4.tarjeta_debito
  Value error, N·mero de tarjeta de dÚbito invßlido (Luhn checksum fallo) [type=value_error, input_value='5233-7399-9334-8570', input_type=str]
    For further information visit https://errors.pydantic.dev/2.13/v/value_error
items.5.tarjeta_credito
  Value error, N·mero de tarjeta de crÚdito invßlido (Luhn checksum fallo) [type=value_error, input_value='4532-5916-9438-5056', input_type=str]
    For further information visit https://errors.pydantic.dev/2.13/v/value_error
items.5.tarjeta_debito
  Value error, N·mero de tarjeta de dÚbito invßlido (Luhn checksum fallo) [type=value_error, input_value='5233-8483-8262-5885', input_type=str]
    For further information visit https://errors.pydantic.dev/2.13/v/value_error
items.6.tarjeta_credito
  Value error, N·mero de tarjeta de crÚdito invßlido (Luhn checksum fallo) [type=value_error, input_value='4532-7242-7358-4943', input_type=str]
    For further information visit https://errors.pydantic.dev/2.13/v/value_error
items.6.tarjeta_debito
  Value error, N·mero de tarjeta de dÚbito invßlido (Luhn checksum fallo) [type=value_error, input_value='5233-5901-4763-3198', input_type=str]
    For further information visit https://errors.pydantic.dev/2.13/v/value_error
items.7.tarjeta_credito
  Value error, N·mero de tarjeta de crÚdito invßlido (Luhn checksum fallo) [type=value_error, input_value='4532-1682-2727-5530', input_type=str]
    For further information visit https://errors.pydantic.dev/2.13/v/value_error
items.8.tarjeta_credito
  Value error, N·mero de tarjeta de crÚdito invßlido (Luhn checksum fallo) [type=value_error, input_value='4532-5323-9989-2579', input_type=str]
    For further information visit https://errors.pydantic.dev/2.13/v/value_error
items.8.tarjeta_debito
  Value error, N·mero de tarjeta de dÚbito invßlido (Luhn checksum fallo) [type=value_error, input_value='5233-5703-2812-6441', input_type=str]
    For further information visit https://errors.pydantic.dev/2.13/v/value_error
items.9.tarjeta_credito
  Value error, N·mero de tarjeta de crÚdito invßlido (Luhn checksum fallo) [type=value_error, input_value='4532-8052-9065-6720', input_type=str]
    For further information visit https://errors.pydantic.dev/2.13/v/value_error
items.9.tarjeta_debito
  Value error, N·mero de tarjeta de dÚbito invßlido (Luhn checksum fallo) [type=value_error, input_value='5233-5323-5438-4053', input_type=str]
    For further information visit https://errors.pydantic.dev/2.13/v/value_error
INFO:     127.0.0.1:54553 - "GET /pasajeros?limit=50 HTTP/1.1" 500 Internal Server Error
ERROR:    Exception in ASGI application
  + Exception Group Traceback (most recent call last):
  |   File "C:\Users\hhoyos\AppData\Local\Programs\Python\Python314\Lib\site-packages\starlette\_utils.py", line 81, in collapse_excgroups
  |     yield
  |   File "C:\Users\hhoyos\AppData\Local\Programs\Python\Python314\Lib\site-packages\starlette\middleware\base.py", line 192, in __call__
  |     async with anyio.create_task_group() as task_group:
  |                ~~~~~~~~~~~~~~~~~~~~~~~^^
  |   File "C:\Users\hhoyos\AppData\Local\Programs\Python\Python314\Lib\site-packages\anyio\_backends\_asyncio.py", line 799, in __aexit__
  |     raise BaseExceptionGroup(
  |         "unhandled errors in a TaskGroup", self._exceptions
  |     ) from None
  | ExceptionGroup: unhandled errors in a TaskGroup (1 sub-exception)
  +-+---------------- 1 ----------------
    | Traceback (most recent call last):
    |   File "C:\Users\hhoyos\AppData\Local\Programs\Python\Python314\Lib\site-packages\uvicorn\protocols\http\httptools_impl.py", line 421, in run_asgi
    |     result = await app(  # type: ignore[func-returns-value]
    |              ^^^^^^^^^^^^^^^^^^^^^^^^^^^^^^^^^^^^^^^^^^^^^^
    |         self.scope, self.receive, self.send
    |         ^^^^^^^^^^^^^^^^^^^^^^^^^^^^^^^^^^^
    |     )
    |     ^
    |   File "C:\Users\hhoyos\AppData\Local\Programs\Python\Python314\Lib\site-packages\uvicorn\middleware\proxy_headers.py", line 56, in __call__
    |     return await self.app(scope, receive, send)
    |            ^^^^^^^^^^^^^^^^^^^^^^^^^^^^^^^^^^^^
    |   File "C:\Users\hhoyos\AppData\Local\Programs\Python\Python314\Lib\site-packages\fastapi\applications.py", line 1159, in __call__
    |     await super().__call__(scope, receive, send)
    |   File "C:\Users\hhoyos\AppData\Local\Programs\Python\Python314\Lib\site-packages\starlette\applications.py", line 90, in __call__
    |     await self.middleware_stack(scope, receive, send)
    |   File "C:\Users\hhoyos\AppData\Local\Programs\Python\Python314\Lib\site-packages\starlette\middleware\errors.py", line 186, in __call__
    |     raise exc
    |   File "C:\Users\hhoyos\AppData\Local\Programs\Python\Python314\Lib\site-packages\starlette\middleware\errors.py", line 164, in __call__
    |     await self.app(scope, receive, _send)
    |   File "C:\Users\hhoyos\AppData\Local\Programs\Python\Python314\Lib\site-packages\starlette\middleware\cors.py", line 96, in __call__
    |     await self.simple_response(scope, receive, send, request_headers=headers)
    |   File "C:\Users\hhoyos\AppData\Local\Programs\Python\Python314\Lib\site-packages\starlette\middleware\cors.py", line 154, in simple_response
    |     await self.app(scope, receive, send)
    |   File "C:\Users\hhoyos\AppData\Local\Programs\Python\Python314\Lib\site-packages\starlette\middleware\base.py", line 191, in __call__
    |     with recv_stream, send_stream, collapse_excgroups():
    |                                    ~~~~~~~~~~~~~~~~~~^^
    |   File "C:\Users\hhoyos\AppData\Local\Programs\Python\Python314\Lib\contextlib.py", line 162, in __exit__
    |     self.gen.throw(value)
    |     ~~~~~~~~~~~~~~^^^^^^^
    |   File "C:\Users\hhoyos\AppData\Local\Programs\Python\Python314\Lib\site-packages\starlette\_utils.py", line 87, in collapse_excgroups
    |     raise exc
    |   File "C:\Users\hhoyos\AppData\Local\Programs\Python\Python314\Lib\site-packages\starlette\middleware\base.py", line 193, in __call__
    |     response = await self.dispatch_func(request, call_next)
    |                ^^^^^^^^^^^^^^^^^^^^^^^^^^^^^^^^^^^^^^^^^^^^
    |   File "C:\proycato-de-areroinea\SkyAnalytics\backend\middleware\logging_middleware.py", line 18, in dispatch
    |     response = await call_next(request)
    |                ^^^^^^^^^^^^^^^^^^^^^^^^
    |   File "C:\Users\hhoyos\AppData\Local\Programs\Python\Python314\Lib\site-packages\starlette\middleware\base.py", line 168, in call_next
    |     raise app_exc from app_exc.__cause__ or app_exc.__context__
    |   File "C:\Users\hhoyos\AppData\Local\Programs\Python\Python314\Lib\site-packages\starlette\middleware\base.py", line 144, in coro
    |     await self.app(scope, receive_or_disconnect, send_no_error)
    |   File "C:\Users\hhoyos\AppData\Local\Programs\Python\Python314\Lib\site-packages\starlette\middleware\base.py", line 191, in __call__
    |     with recv_stream, send_stream, collapse_excgroups():
    |                                    ~~~~~~~~~~~~~~~~~~^^
    |   File "C:\Users\hhoyos\AppData\Local\Programs\Python\Python314\Lib\contextlib.py", line 162, in __exit__
    |     self.gen.throw(value)
    |     ~~~~~~~~~~~~~~^^^^^^^
    |   File "C:\Users\hhoyos\AppData\Local\Programs\Python\Python314\Lib\site-packages\starlette\_utils.py", line 87, in collapse_excgroups
    |     raise exc
    |   File "C:\Users\hhoyos\AppData\Local\Programs\Python\Python314\Lib\site-packages\starlette\middleware\base.py", line 193, in __call__
    |     response = await self.dispatch_func(request, call_next)
    |                ^^^^^^^^^^^^^^^^^^^^^^^^^^^^^^^^^^^^^^^^^^^^
    |   File "C:\Users\hhoyos\AppData\Local\Programs\Python\Python314\Lib\site-packages\slowapi\middleware.py", line 136, in dispatch
    |     response = await call_next(request)
    |                ^^^^^^^^^^^^^^^^^^^^^^^^
    |   File "C:\Users\hhoyos\AppData\Local\Programs\Python\Python314\Lib\site-packages\starlette\middleware\base.py", line 168, in call_next
    |     raise app_exc from app_exc.__cause__ or app_exc.__context__
    |   File "C:\Users\hhoyos\AppData\Local\Programs\Python\Python314\Lib\site-packages\starlette\middleware\base.py", line 144, in coro
    |     await self.app(scope, receive_or_disconnect, send_no_error)
    |   File "C:\Users\hhoyos\AppData\Local\Programs\Python\Python314\Lib\site-packages\starlette\middleware\exceptions.py", line 63, in __call__
    |     await wrap_app_handling_exceptions(self.app, conn)(scope, receive, send)
    |   File "C:\Users\hhoyos\AppData\Local\Programs\Python\Python314\Lib\site-packages\starlette\_exception_handler.py", line 53, in wrapped_app
    |     raise exc
    |   File "C:\Users\hhoyos\AppData\Local\Programs\Python\Python314\Lib\site-packages\starlette\_exception_handler.py", line 42, in wrapped_app
    |     await app(scope, receive, sender)
    |   File "C:\Users\hhoyos\AppData\Local\Programs\Python\Python314\Lib\site-packages\fastapi\middleware\asyncexitstack.py", line 18, in __call__
    |     await self.app(scope, receive, send)
    |   File "C:\Users\hhoyos\AppData\Local\Programs\Python\Python314\Lib\site-packages\starlette\routing.py", line 660, in __call__
    |     await self.middleware_stack(scope, receive, send)
    |   File "C:\Users\hhoyos\AppData\Local\Programs\Python\Python314\Lib\site-packages\starlette\routing.py", line 680, in app
    |     await route.handle(scope, receive, send)
    |   File "C:\Users\hhoyos\AppData\Local\Programs\Python\Python314\Lib\site-packages\starlette\routing.py", line 276, in handle
    |     await self.app(scope, receive, send)
    |   File "C:\Users\hhoyos\AppData\Local\Programs\Python\Python314\Lib\site-packages\fastapi\routing.py", line 134, in app
    |     await wrap_app_handling_exceptions(app, request)(scope, receive, send)
    |   File "C:\Users\hhoyos\AppData\Local\Programs\Python\Python314\Lib\site-packages\starlette\_exception_handler.py", line 53, in wrapped_app
    |     raise exc
    |   File "C:\Users\hhoyos\AppData\Local\Programs\Python\Python314\Lib\site-packages\starlette\_exception_handler.py", line 42, in wrapped_app
    |     await app(scope, receive, sender)
    |   File "C:\Users\hhoyos\AppData\Local\Programs\Python\Python314\Lib\site-packages\fastapi\routing.py", line 120, in app
    |     response = await f(request)
    |                ^^^^^^^^^^^^^^^^
    |   File "C:\Users\hhoyos\AppData\Local\Programs\Python\Python314\Lib\site-packages\fastapi\routing.py", line 674, in app
    |     raw_response = await run_endpoint_function(
    |                    ^^^^^^^^^^^^^^^^^^^^^^^^^^^^
    |     ...<3 lines>...
    |     )
    |     ^
    |   File "C:\Users\hhoyos\AppData\Local\Programs\Python\Python314\Lib\site-packages\fastapi\routing.py", line 328, in run_endpoint_function
    |     return await dependant.call(**values)
    |            ^^^^^^^^^^^^^^^^^^^^^^^^^^^^^^
    |   File "C:\proycato-de-areroinea\SkyAnalytics\backend\routers\pasajeros.py", line 86, in listar_pasajeros
    |     return PaginatedPasajeros(items=pasajeros, pagination=pagination)
    |   File "C:\Users\hhoyos\AppData\Local\Programs\Python\Python314\Lib\site-packages\pydantic\main.py", line 263, in __init__
    |     validated_self = self.__pydantic_validator__.validate_python(data, self_instance=self)
    | pydantic_core._pydantic_core.ValidationError: 18 validation errors for PaginatedPasajeros
    | items.0.tarjeta_credito
    |   Value error, N·mero de tarjeta de crÚdito invßlido (Luhn checksum fallo) [type=value_error, input_value='4532-2972-9383-2864', input_type=str]
    |     For further information visit https://errors.pydantic.dev/2.13/v/value_error
    | items.0.tarjeta_debito
    |   Value error, N·mero de tarjeta de dÚbito invßlido (Luhn checksum fallo) [type=value_error, input_value='5233-2995-2705-3961', input_type=str]
    |     For further information visit https://errors.pydantic.dev/2.13/v/value_error
    | items.1.tarjeta_credito
    |   Value error, N·mero de tarjeta de crÚdito invßlido (Luhn checksum fallo) [type=value_error, input_value='4532-7893-1157-5161', input_type=str]
    |     For further information visit https://errors.pydantic.dev/2.13/v/value_error
    | items.1.tarjeta_debito
    |   Value error, N·mero de tarjeta de dÚbito invßlido (Luhn checksum fallo) [type=value_error, input_value='5233-2861-9901-7234', input_type=str]
    |     For further information visit https://errors.pydantic.dev/2.13/v/value_error
    | items.2.tarjeta_debito
    |   Value error, N·mero de tarjeta de dÚbito invßlido (Luhn checksum fallo) [type=value_error, input_value='5233-5248-6615-2420', input_type=str]
    |     For further information visit https://errors.pydantic.dev/2.13/v/value_error
    | items.3.tarjeta_credito
    |   Value error, N·mero de tarjeta de crÚdito invßlido (Luhn checksum fallo) [type=value_error, input_value='4532-1379-5042-7895', input_type=str]
    |     For further information visit https://errors.pydantic.dev/2.13/v/value_error
    | items.3.tarjeta_debito
    |   Value error, N·mero de tarjeta de dÚbito invßlido (Luhn checksum fallo) [type=value_error, input_value='5233-4227-9655-8337', input_type=str]
    |     For further information visit https://errors.pydantic.dev/2.13/v/value_error
    | items.4.tarjeta_credito
    |   Value error, N·mero de tarjeta de crÚdito invßlido (Luhn checksum fallo) [type=value_error, input_value='4532-6202-7550-2941', input_type=str]
    |     For further information visit https://errors.pydantic.dev/2.13/v/value_error
    | items.4.tarjeta_debito
    |   Value error, N·mero de tarjeta de dÚbito invßlido (Luhn checksum fallo) [type=value_error, input_value='5233-7399-9334-8570', input_type=str]
    |     For further information visit https://errors.pydantic.dev/2.13/v/value_error
    | items.5.tarjeta_credito
    |   Value error, N·mero de tarjeta de crÚdito invßlido (Luhn checksum fallo) [type=value_error, input_value='4532-5916-9438-5056', input_type=str]
    |     For further information visit https://errors.pydantic.dev/2.13/v/value_error
    | items.5.tarjeta_debito
    |   Value error, N·mero de tarjeta de dÚbito invßlido (Luhn checksum fallo) [type=value_error, input_value='5233-8483-8262-5885', input_type=str]
    |     For further information visit https://errors.pydantic.dev/2.13/v/value_error
    | items.6.tarjeta_credito
    |   Value error, N·mero de tarjeta de crÚdito invßlido (Luhn checksum fallo) [type=value_error, input_value='4532-7242-7358-4943', input_type=str]
    |     For further information visit https://errors.pydantic.dev/2.13/v/value_error
    | items.6.tarjeta_debito
    |   Value error, N·mero de tarjeta de dÚbito invßlido (Luhn checksum fallo) [type=value_error, input_value='5233-5901-4763-3198', input_type=str]
    |     For further information visit https://errors.pydantic.dev/2.13/v/value_error
    | items.7.tarjeta_credito
    |   Value error, N·mero de tarjeta de crÚdito invßlido (Luhn checksum fallo) [type=value_error, input_value='4532-1682-2727-5530', input_type=str]
    |     For further information visit https://errors.pydantic.dev/2.13/v/value_error
    | items.8.tarjeta_credito
    |   Value error, N·mero de tarjeta de crÚdito invßlido (Luhn checksum fallo) [type=value_error, input_value='4532-5323-9989-2579', input_type=str]
    |     For further information visit https://errors.pydantic.dev/2.13/v/value_error
    | items.8.tarjeta_debito
    |   Value error, N·mero de tarjeta de dÚbito invßlido (Luhn checksum fallo) [type=value_error, input_value='5233-5703-2812-6441', input_type=str]
    |     For further information visit https://errors.pydantic.dev/2.13/v/value_error
    | items.9.tarjeta_credito
    |   Value error, N·mero de tarjeta de crÚdito invßlido (Luhn checksum fallo) [type=value_error, input_value='4532-8052-9065-6720', input_type=str]
    |     For further information visit https://errors.pydantic.dev/2.13/v/value_error
    | items.9.tarjeta_debito
    |   Value error, N·mero de tarjeta de dÚbito invßlido (Luhn checksum fallo) [type=value_error, input_value='5233-5323-5438-4053', input_type=str]
    |     For further information visit https://errors.pydantic.dev/2.13/v/value_error
    +------------------------------------

The above exception was the direct cause of the following exception:

Traceback (most recent call last):
  File "C:\Users\hhoyos\AppData\Local\Programs\Python\Python314\Lib\site-packages\uvicorn\protocols\http\httptools_impl.py", line 421, in run_asgi
    result = await app(  # type: ignore[func-returns-value]
             ^^^^^^^^^^^^^^^^^^^^^^^^^^^^^^^^^^^^^^^^^^^^^^
        self.scope, self.receive, self.send
        ^^^^^^^^^^^^^^^^^^^^^^^^^^^^^^^^^^^
    )
    ^
  File "C:\Users\hhoyos\AppData\Local\Programs\Python\Python314\Lib\site-packages\uvicorn\middleware\proxy_headers.py", line 56, in __call__
    return await self.app(scope, receive, send)
           ^^^^^^^^^^^^^^^^^^^^^^^^^^^^^^^^^^^^
  File "C:\Users\hhoyos\AppData\Local\Programs\Python\Python314\Lib\site-packages\fastapi\applications.py", line 1159, in __call__
    await super().__call__(scope, receive, send)
  File "C:\Users\hhoyos\AppData\Local\Programs\Python\Python314\Lib\site-packages\starlette\applications.py", line 90, in __call__
    await self.middleware_stack(scope, receive, send)
  File "C:\Users\hhoyos\AppData\Local\Programs\Python\Python314\Lib\site-packages\starlette\middleware\errors.py", line 186, in __call__
    raise exc
  File "C:\Users\hhoyos\AppData\Local\Programs\Python\Python314\Lib\site-packages\starlette\middleware\errors.py", line 164, in __call__
    await self.app(scope, receive, _send)
  File "C:\Users\hhoyos\AppData\Local\Programs\Python\Python314\Lib\site-packages\starlette\middleware\cors.py", line 96, in __call__
    await self.simple_response(scope, receive, send, request_headers=headers)
  File "C:\Users\hhoyos\AppData\Local\Programs\Python\Python314\Lib\site-packages\starlette\middleware\cors.py", line 154, in simple_response
    await self.app(scope, receive, send)
  File "C:\Users\hhoyos\AppData\Local\Programs\Python\Python314\Lib\site-packages\starlette\middleware\base.py", line 191, in __call__
    with recv_stream, send_stream, collapse_excgroups():
                                   ~~~~~~~~~~~~~~~~~~^^
  File "C:\Users\hhoyos\AppData\Local\Programs\Python\Python314\Lib\contextlib.py", line 162, in __exit__
    self.gen.throw(value)
    ~~~~~~~~~~~~~~^^^^^^^
  File "C:\Users\hhoyos\AppData\Local\Programs\Python\Python314\Lib\site-packages\starlette\_utils.py", line 87, in collapse_excgroups
    raise exc
  File "C:\Users\hhoyos\AppData\Local\Programs\Python\Python314\Lib\site-packages\starlette\middleware\base.py", line 193, in __call__
    response = await self.dispatch_func(request, call_next)
               ^^^^^^^^^^^^^^^^^^^^^^^^^^^^^^^^^^^^^^^^^^^^
  File "C:\proycato-de-areroinea\SkyAnalytics\backend\middleware\logging_middleware.py", line 18, in dispatch
    response = await call_next(request)
               ^^^^^^^^^^^^^^^^^^^^^^^^
  File "C:\Users\hhoyos\AppData\Local\Programs\Python\Python314\Lib\site-packages\starlette\middleware\base.py", line 168, in call_next
    raise app_exc from app_exc.__cause__ or app_exc.__context__
  File "C:\Users\hhoyos\AppData\Local\Programs\Python\Python314\Lib\site-packages\starlette\middleware\base.py", line 144, in coro
    await self.app(scope, receive_or_disconnect, send_no_error)
  File "C:\Users\hhoyos\AppData\Local\Programs\Python\Python314\Lib\site-packages\starlette\middleware\base.py", line 191, in __call__
    with recv_stream, send_stream, collapse_excgroups():
                                   ~~~~~~~~~~~~~~~~~~^^
  File "C:\Users\hhoyos\AppData\Local\Programs\Python\Python314\Lib\contextlib.py", line 162, in __exit__
    self.gen.throw(value)
    ~~~~~~~~~~~~~~^^^^^^^
  File "C:\Users\hhoyos\AppData\Local\Programs\Python\Python314\Lib\site-packages\starlette\_utils.py", line 87, in collapse_excgroups
    raise exc
  File "C:\Users\hhoyos\AppData\Local\Programs\Python\Python314\Lib\site-packages\starlette\middleware\base.py", line 193, in __call__
    response = await self.dispatch_func(request, call_next)
               ^^^^^^^^^^^^^^^^^^^^^^^^^^^^^^^^^^^^^^^^^^^^
  File "C:\Users\hhoyos\AppData\Local\Programs\Python\Python314\Lib\site-packages\slowapi\middleware.py", line 136, in dispatch
    response = await call_next(request)
               ^^^^^^^^^^^^^^^^^^^^^^^^
  File "C:\Users\hhoyos\AppData\Local\Programs\Python\Python314\Lib\site-packages\starlette\middleware\base.py", line 168, in call_next
    raise app_exc from app_exc.__cause__ or app_exc.__context__
  File "C:\Users\hhoyos\AppData\Local\Programs\Python\Python314\Lib\site-packages\starlette\middleware\base.py", line 144, in coro
    await self.app(scope, receive_or_disconnect, send_no_error)
  File "C:\Users\hhoyos\AppData\Local\Programs\Python\Python314\Lib\site-packages\starlette\middleware\exceptions.py", line 63, in __call__
    await wrap_app_handling_exceptions(self.app, conn)(scope, receive, send)
  File "C:\Users\hhoyos\AppData\Local\Programs\Python\Python314\Lib\site-packages\starlette\_exception_handler.py", line 53, in wrapped_app
    raise exc
  File "C:\Users\hhoyos\AppData\Local\Programs\Python\Python314\Lib\site-packages\starlette\_exception_handler.py", line 42, in wrapped_app
    await app(scope, receive, sender)
  File "C:\Users\hhoyos\AppData\Local\Programs\Python\Python314\Lib\site-packages\fastapi\middleware\asyncexitstack.py", line 18, in __call__
    await self.app(scope, receive, send)
  File "C:\Users\hhoyos\AppData\Local\Programs\Python\Python314\Lib\site-packages\starlette\routing.py", line 660, in __call__
    await self.middleware_stack(scope, receive, send)
  File "C:\Users\hhoyos\AppData\Local\Programs\Python\Python314\Lib\site-packages\starlette\routing.py", line 680, in app
    await route.handle(scope, receive, send)
  File "C:\Users\hhoyos\AppData\Local\Programs\Python\Python314\Lib\site-packages\starlette\routing.py", line 276, in handle
    await self.app(scope, receive, send)
  File "C:\Users\hhoyos\AppData\Local\Programs\Python\Python314\Lib\site-packages\fastapi\routing.py", line 134, in app
    await wrap_app_handling_exceptions(app, request)(scope, receive, send)
  File "C:\Users\hhoyos\AppData\Local\Programs\Python\Python314\Lib\site-packages\starlette\_exception_handler.py", line 53, in wrapped_app
    raise exc
  File "C:\Users\hhoyos\AppData\Local\Programs\Python\Python314\Lib\site-packages\starlette\_exception_handler.py", line 42, in wrapped_app
    await app(scope, receive, sender)
  File "C:\Users\hhoyos\AppData\Local\Programs\Python\Python314\Lib\site-packages\fastapi\routing.py", line 120, in app
    response = await f(request)
               ^^^^^^^^^^^^^^^^
  File "C:\Users\hhoyos\AppData\Local\Programs\Python\Python314\Lib\site-packages\fastapi\routing.py", line 674, in app
    raw_response = await run_endpoint_function(
                   ^^^^^^^^^^^^^^^^^^^^^^^^^^^^
    ...<3 lines>...
    )
    ^
  File "C:\Users\hhoyos\AppData\Local\Programs\Python\Python314\Lib\site-packages\fastapi\routing.py", line 328, in run_endpoint_function
    return await dependant.call(**values)
           ^^^^^^^^^^^^^^^^^^^^^^^^^^^^^^
  File "C:\proycato-de-areroinea\SkyAnalytics\backend\routers\pasajeros.py", line 86, in listar_pasajeros
    return PaginatedPasajeros(items=pasajeros, pagination=pagination)
  File "C:\Users\hhoyos\AppData\Local\Programs\Python\Python314\Lib\site-packages\pydantic\main.py", line 263, in __init__
    validated_self = self.__pydantic_validator__.validate_python(data, self_instance=self)
pydantic_core._pydantic_core.ValidationError: 18 validation errors for PaginatedPasajeros
items.0.tarjeta_credito
  Value error, N·mero de tarjeta de crÚdito invßlido (Luhn checksum fallo) [type=value_error, input_value='4532-2972-9383-2864', input_type=str]
    For further information visit https://errors.pydantic.dev/2.13/v/value_error
items.0.tarjeta_debito
  Value error, N·mero de tarjeta de dÚbito invßlido (Luhn checksum fallo) [type=value_error, input_value='5233-2995-2705-3961', input_type=str]
    For further information visit https://errors.pydantic.dev/2.13/v/value_error
items.1.tarjeta_credito
  Value error, N·mero de tarjeta de crÚdito invßlido (Luhn checksum fallo) [type=value_error, input_value='4532-7893-1157-5161', input_type=str]
    For further information visit https://errors.pydantic.dev/2.13/v/value_error
items.1.tarjeta_debito
  Value error, N·mero de tarjeta de dÚbito invßlido (Luhn checksum fallo) [type=value_error, input_value='5233-2861-9901-7234', input_type=str]
    For further information visit https://errors.pydantic.dev/2.13/v/value_error
items.2.tarjeta_debito
  Value error, N·mero de tarjeta de dÚbito invßlido (Luhn checksum fallo) [type=value_error, input_value='5233-5248-6615-2420', input_type=str]
    For further information visit https://errors.pydantic.dev/2.13/v/value_error
items.3.tarjeta_credito
  Value error, N·mero de tarjeta de crÚdito invßlido (Luhn checksum fallo) [type=value_error, input_value='4532-1379-5042-7895', input_type=str]
    For further information visit https://errors.pydantic.dev/2.13/v/value_error
items.3.tarjeta_debito
  Value error, N·mero de tarjeta de dÚbito invßlido (Luhn checksum fallo) [type=value_error, input_value='5233-4227-9655-8337', input_type=str]
    For further information visit https://errors.pydantic.dev/2.13/v/value_error
items.4.tarjeta_credito
  Value error, N·mero de tarjeta de crÚdito invßlido (Luhn checksum fallo) [type=value_error, input_value='4532-6202-7550-2941', input_type=str]
    For further information visit https://errors.pydantic.dev/2.13/v/value_error
items.4.tarjeta_debito
  Value error, N·mero de tarjeta de dÚbito invßlido (Luhn checksum fallo) [type=value_error, input_value='5233-7399-9334-8570', input_type=str]
    For further information visit https://errors.pydantic.dev/2.13/v/value_error
items.5.tarjeta_credito
  Value error, N·mero de tarjeta de crÚdito invßlido (Luhn checksum fallo) [type=value_error, input_value='4532-5916-9438-5056', input_type=str]
    For further information visit https://errors.pydantic.dev/2.13/v/value_error
items.5.tarjeta_debito
  Value error, N·mero de tarjeta de dÚbito invßlido (Luhn checksum fallo) [type=value_error, input_value='5233-8483-8262-5885', input_type=str]
    For further information visit https://errors.pydantic.dev/2.13/v/value_error
items.6.tarjeta_credito
  Value error, N·mero de tarjeta de crÚdito invßlido (Luhn checksum fallo) [type=value_error, input_value='4532-7242-7358-4943', input_type=str]
    For further information visit https://errors.pydantic.dev/2.13/v/value_error
items.6.tarjeta_debito
  Value error, N·mero de tarjeta de dÚbito invßlido (Luhn checksum fallo) [type=value_error, input_value='5233-5901-4763-3198', input_type=str]
    For further information visit https://errors.pydantic.dev/2.13/v/value_error
items.7.tarjeta_credito
  Value error, N·mero de tarjeta de crÚdito invßlido (Luhn checksum fallo) [type=value_error, input_value='4532-1682-2727-5530', input_type=str]
    For further information visit https://errors.pydantic.dev/2.13/v/value_error
items.8.tarjeta_credito
  Value error, N·mero de tarjeta de crÚdito invßlido (Luhn checksum fallo) [type=value_error, input_value='4532-5323-9989-2579', input_type=str]
    For further information visit https://errors.pydantic.dev/2.13/v/value_error
items.8.tarjeta_debito
  Value error, N·mero de tarjeta de dÚbito invßlido (Luhn checksum fallo) [type=value_error, input_value='5233-5703-2812-6441', input_type=str]
    For further information visit https://errors.pydantic.dev/2.13/v/value_error
items.9.tarjeta_credito
  Value error, N·mero de tarjeta de crÚdito invßlido (Luhn checksum fallo) [type=value_error, input_value='4532-8052-9065-6720', input_type=str]
    For further information visit https://errors.pydantic.dev/2.13/v/value_error
items.9.tarjeta_debito
  Value error, N·mero de tarjeta de dÚbito invßlido (Luhn checksum fallo) [type=value_error, input_value='5233-5323-5438-4053', input_type=str]
    For further information visit https://errors.pydantic.dev/2.13/v/value_error
ERROR:middleware.errors:Error no controlado: 18 validation errors for PaginatedPasajeros
items.0.tarjeta_credito
  Value error, N·mero de tarjeta de crÚdito invßlido (Luhn checksum fallo) [type=value_error, input_value='4532-2972-9383-2864', input_type=str]
    For further information visit https://errors.pydantic.dev/2.13/v/value_error
items.0.tarjeta_debito
  Value error, N·mero de tarjeta de dÚbito invßlido (Luhn checksum fallo) [type=value_error, input_value='5233-2995-2705-3961', input_type=str]
    For further information visit https://errors.pydantic.dev/2.13/v/value_error
items.1.tarjeta_credito
  Value error, N·mero de tarjeta de crÚdito invßlido (Luhn checksum fallo) [type=value_error, input_value='4532-7893-1157-5161', input_type=str]
    For further information visit https://errors.pydantic.dev/2.13/v/value_error
items.1.tarjeta_debito
  Value error, N·mero de tarjeta de dÚbito invßlido (Luhn checksum fallo) [type=value_error, input_value='5233-2861-9901-7234', input_type=str]
    For further information visit https://errors.pydantic.dev/2.13/v/value_error
items.2.tarjeta_debito
  Value error, N·mero de tarjeta de dÚbito invßlido (Luhn checksum fallo) [type=value_error, input_value='5233-5248-6615-2420', input_type=str]
    For further information visit https://errors.pydantic.dev/2.13/v/value_error
items.3.tarjeta_credito
  Value error, N·mero de tarjeta de crÚdito invßlido (Luhn checksum fallo) [type=value_error, input_value='4532-1379-5042-7895', input_type=str]
    For further information visit https://errors.pydantic.dev/2.13/v/value_error
items.3.tarjeta_debito
  Value error, N·mero de tarjeta de dÚbito invßlido (Luhn checksum fallo) [type=value_error, input_value='5233-4227-9655-8337', input_type=str]
    For further information visit https://errors.pydantic.dev/2.13/v/value_error
items.4.tarjeta_credito
  Value error, N·mero de tarjeta de crÚdito invßlido (Luhn checksum fallo) [type=value_error, input_value='4532-6202-7550-2941', input_type=str]
    For further information visit https://errors.pydantic.dev/2.13/v/value_error
items.4.tarjeta_debito
  Value error, N·mero de tarjeta de dÚbito invßlido (Luhn checksum fallo) [type=value_error, input_value='5233-7399-9334-8570', input_type=str]
    For further information visit https://errors.pydantic.dev/2.13/v/value_error
items.5.tarjeta_credito
  Value error, N·mero de tarjeta de crÚdito invßlido (Luhn checksum fallo) [type=value_error, input_value='4532-5916-9438-5056', input_type=str]
    For further information visit https://errors.pydantic.dev/2.13/v/value_error
items.5.tarjeta_debito
  Value error, N·mero de tarjeta de dÚbito invßlido (Luhn checksum fallo) [type=value_error, input_value='5233-8483-8262-5885', input_type=str]
    For further information visit https://errors.pydantic.dev/2.13/v/value_error
items.6.tarjeta_credito
  Value error, N·mero de tarjeta de crÚdito invßlido (Luhn checksum fallo) [type=value_error, input_value='4532-7242-7358-4943', input_type=str]
    For further information visit https://errors.pydantic.dev/2.13/v/value_error
items.6.tarjeta_debito
  Value error, N·mero de tarjeta de dÚbito invßlido (Luhn checksum fallo) [type=value_error, input_value='5233-5901-4763-3198', input_type=str]
    For further information visit https://errors.pydantic.dev/2.13/v/value_error
items.7.tarjeta_credito
  Value error, N·mero de tarjeta de crÚdito invßlido (Luhn checksum fallo) [type=value_error, input_value='4532-1682-2727-5530', input_type=str]
    For further information visit https://errors.pydantic.dev/2.13/v/value_error
items.8.tarjeta_credito
  Value error, N·mero de tarjeta de crÚdito invßlido (Luhn checksum fallo) [type=value_error, input_value='4532-5323-9989-2579', input_type=str]
    For further information visit https://errors.pydantic.dev/2.13/v/value_error
items.8.tarjeta_debito
  Value error, N·mero de tarjeta de dÚbito invßlido (Luhn checksum fallo) [type=value_error, input_value='5233-5703-2812-6441', input_type=str]
    For further information visit https://errors.pydantic.dev/2.13/v/value_error
items.9.tarjeta_credito
  Value error, N·mero de tarjeta de crÚdito invßlido (Luhn checksum fallo) [type=value_error, input_value='4532-8052-9065-6720', input_type=str]
    For further information visit https://errors.pydantic.dev/2.13/v/value_error
items.9.tarjeta_debito
  Value error, N·mero de tarjeta de dÚbito invßlido (Luhn checksum fallo) [type=value_error, input_value='5233-5323-5438-4053', input_type=str]
    For further information visit https://errors.pydantic.dev/2.13/v/value_error
  + Exception Group Traceback (most recent call last):
  |   File "C:\Users\hhoyos\AppData\Local\Programs\Python\Python314\Lib\site-packages\starlette\_utils.py", line 81, in collapse_excgroups
  |     yield
  |   File "C:\Users\hhoyos\AppData\Local\Programs\Python\Python314\Lib\site-packages\starlette\middleware\base.py", line 192, in __call__
  |     async with anyio.create_task_group() as task_group:
  |                ~~~~~~~~~~~~~~~~~~~~~~~^^
  |   File "C:\Users\hhoyos\AppData\Local\Programs\Python\Python314\Lib\site-packages\anyio\_backends\_asyncio.py", line 799, in __aexit__
  |     raise BaseExceptionGroup(
  |         "unhandled errors in a TaskGroup", self._exceptions
  |     ) from None
  | ExceptionGroup: unhandled errors in a TaskGroup (1 sub-exception)
  +-+---------------- 1 ----------------
    | Traceback (most recent call last):
    |   File "C:\Users\hhoyos\AppData\Local\Programs\Python\Python314\Lib\site-packages\starlette\middleware\errors.py", line 164, in __call__
    |     await self.app(scope, receive, _send)
    |   File "C:\Users\hhoyos\AppData\Local\Programs\Python\Python314\Lib\site-packages\starlette\middleware\cors.py", line 96, in __call__
    |     await self.simple_response(scope, receive, send, request_headers=headers)
    |   File "C:\Users\hhoyos\AppData\Local\Programs\Python\Python314\Lib\site-packages\starlette\middleware\cors.py", line 154, in simple_response
    |     await self.app(scope, receive, send)
    |   File "C:\Users\hhoyos\AppData\Local\Programs\Python\Python314\Lib\site-packages\starlette\middleware\base.py", line 191, in __call__
    |     with recv_stream, send_stream, collapse_excgroups():
    |                                    ~~~~~~~~~~~~~~~~~~^^
    |   File "C:\Users\hhoyos\AppData\Local\Programs\Python\Python314\Lib\contextlib.py", line 162, in __exit__
    |     self.gen.throw(value)
    |     ~~~~~~~~~~~~~~^^^^^^^
    |   File "C:\Users\hhoyos\AppData\Local\Programs\Python\Python314\Lib\site-packages\starlette\_utils.py", line 87, in collapse_excgroups
    |     raise exc
    |   File "C:\Users\hhoyos\AppData\Local\Programs\Python\Python314\Lib\site-packages\starlette\middleware\base.py", line 193, in __call__
    |     response = await self.dispatch_func(request, call_next)
    |                ^^^^^^^^^^^^^^^^^^^^^^^^^^^^^^^^^^^^^^^^^^^^
    |   File "C:\proycato-de-areroinea\SkyAnalytics\backend\middleware\logging_middleware.py", line 18, in dispatch
    |     response = await call_next(request)
    |                ^^^^^^^^^^^^^^^^^^^^^^^^
    |   File "C:\Users\hhoyos\AppData\Local\Programs\Python\Python314\Lib\site-packages\starlette\middleware\base.py", line 168, in call_next
    |     raise app_exc from app_exc.__cause__ or app_exc.__context__
    |   File "C:\Users\hhoyos\AppData\Local\Programs\Python\Python314\Lib\site-packages\starlette\middleware\base.py", line 144, in coro
    |     await self.app(scope, receive_or_disconnect, send_no_error)
    |   File "C:\Users\hhoyos\AppData\Local\Programs\Python\Python314\Lib\site-packages\starlette\middleware\base.py", line 191, in __call__
    |     with recv_stream, send_stream, collapse_excgroups():
    |                                    ~~~~~~~~~~~~~~~~~~^^
    |   File "C:\Users\hhoyos\AppData\Local\Programs\Python\Python314\Lib\contextlib.py", line 162, in __exit__
    |     self.gen.throw(value)
    |     ~~~~~~~~~~~~~~^^^^^^^
    |   File "C:\Users\hhoyos\AppData\Local\Programs\Python\Python314\Lib\site-packages\starlette\_utils.py", line 87, in collapse_excgroups
    |     raise exc
    |   File "C:\Users\hhoyos\AppData\Local\Programs\Python\Python314\Lib\site-packages\starlette\middleware\base.py", line 193, in __call__
    |     response = await self.dispatch_func(request, call_next)
    |                ^^^^^^^^^^^^^^^^^^^^^^^^^^^^^^^^^^^^^^^^^^^^
    |   File "C:\Users\hhoyos\AppData\Local\Programs\Python\Python314\Lib\site-packages\slowapi\middleware.py", line 136, in dispatch
    |     response = await call_next(request)
    |                ^^^^^^^^^^^^^^^^^^^^^^^^
    |   File "C:\Users\hhoyos\AppData\Local\Programs\Python\Python314\Lib\site-packages\starlette\middleware\base.py", line 168, in call_next
    |     raise app_exc from app_exc.__cause__ or app_exc.__context__
    |   File "C:\Users\hhoyos\AppData\Local\Programs\Python\Python314\Lib\site-packages\starlette\middleware\base.py", line 144, in coro
    |     await self.app(scope, receive_or_disconnect, send_no_error)
    |   File "C:\Users\hhoyos\AppData\Local\Programs\Python\Python314\Lib\site-packages\starlette\middleware\exceptions.py", line 63, in __call__
    |     await wrap_app_handling_exceptions(self.app, conn)(scope, receive, send)
    |   File "C:\Users\hhoyos\AppData\Local\Programs\Python\Python314\Lib\site-packages\starlette\_exception_handler.py", line 53, in wrapped_app
    |     raise exc
    |   File "C:\Users\hhoyos\AppData\Local\Programs\Python\Python314\Lib\site-packages\starlette\_exception_handler.py", line 42, in wrapped_app
    |     await app(scope, receive, sender)
    |   File "C:\Users\hhoyos\AppData\Local\Programs\Python\Python314\Lib\site-packages\fastapi\middleware\asyncexitstack.py", line 18, in __call__
    |     await self.app(scope, receive, send)
    |   File "C:\Users\hhoyos\AppData\Local\Programs\Python\Python314\Lib\site-packages\starlette\routing.py", line 660, in __call__
    |     await self.middleware_stack(scope, receive, send)
    |   File "C:\Users\hhoyos\AppData\Local\Programs\Python\Python314\Lib\site-packages\starlette\routing.py", line 680, in app
    |     await route.handle(scope, receive, send)
    |   File "C:\Users\hhoyos\AppData\Local\Programs\Python\Python314\Lib\site-packages\starlette\routing.py", line 276, in handle
    |     await self.app(scope, receive, send)
    |   File "C:\Users\hhoyos\AppData\Local\Programs\Python\Python314\Lib\site-packages\fastapi\routing.py", line 134, in app
    |     await wrap_app_handling_exceptions(app, request)(scope, receive, send)
    |   File "C:\Users\hhoyos\AppData\Local\Programs\Python\Python314\Lib\site-packages\starlette\_exception_handler.py", line 53, in wrapped_app
    |     raise exc
    |   File "C:\Users\hhoyos\AppData\Local\Programs\Python\Python314\Lib\site-packages\starlette\_exception_handler.py", line 42, in wrapped_app
    |     await app(scope, receive, sender)
    |   File "C:\Users\hhoyos\AppData\Local\Programs\Python\Python314\Lib\site-packages\fastapi\routing.py", line 120, in app
    |     response = await f(request)
    |                ^^^^^^^^^^^^^^^^
    |   File "C:\Users\hhoyos\AppData\Local\Programs\Python\Python314\Lib\site-packages\fastapi\routing.py", line 674, in app
    |     raw_response = await run_endpoint_function(
    |                    ^^^^^^^^^^^^^^^^^^^^^^^^^^^^
    |     ...<3 lines>...
    |     )
    |     ^
    |   File "C:\Users\hhoyos\AppData\Local\Programs\Python\Python314\Lib\site-packages\fastapi\routing.py", line 328, in run_endpoint_function
    |     return await dependant.call(**values)
    |            ^^^^^^^^^^^^^^^^^^^^^^^^^^^^^^
    |   File "C:\proycato-de-areroinea\SkyAnalytics\backend\routers\pasajeros.py", line 86, in listar_pasajeros
    |     return PaginatedPasajeros(items=pasajeros, pagination=pagination)
    |   File "C:\Users\hhoyos\AppData\Local\Programs\Python\Python314\Lib\site-packages\pydantic\main.py", line 263, in __init__
    |     validated_self = self.__pydantic_validator__.validate_python(data, self_instance=self)
    | pydantic_core._pydantic_core.ValidationError: 18 validation errors for PaginatedPasajeros
    | items.0.tarjeta_credito
    |   Value error, N·mero de tarjeta de crÚdito invßlido (Luhn checksum fallo) [type=value_error, input_value='4532-2972-9383-2864', input_type=str]
    |     For further information visit https://errors.pydantic.dev/2.13/v/value_error
    | items.0.tarjeta_debito
    |   Value error, N·mero de tarjeta de dÚbito invßlido (Luhn checksum fallo) [type=value_error, input_value='5233-2995-2705-3961', input_type=str]
    |     For further information visit https://errors.pydantic.dev/2.13/v/value_error
    | items.1.tarjeta_credito
    |   Value error, N·mero de tarjeta de crÚdito invßlido (Luhn checksum fallo) [type=value_error, input_value='4532-7893-1157-5161', input_type=str]
    |     For further information visit https://errors.pydantic.dev/2.13/v/value_error
    | items.1.tarjeta_debito
    |   Value error, N·mero de tarjeta de dÚbito invßlido (Luhn checksum fallo) [type=value_error, input_value='5233-2861-9901-7234', input_type=str]
    |     For further information visit https://errors.pydantic.dev/2.13/v/value_error
    | items.2.tarjeta_debito
    |   Value error, N·mero de tarjeta de dÚbito invßlido (Luhn checksum fallo) [type=value_error, input_value='5233-5248-6615-2420', input_type=str]
    |     For further information visit https://errors.pydantic.dev/2.13/v/value_error
    | items.3.tarjeta_credito
    |   Value error, N·mero de tarjeta de crÚdito invßlido (Luhn checksum fallo) [type=value_error, input_value='4532-1379-5042-7895', input_type=str]
    |     For further information visit https://errors.pydantic.dev/2.13/v/value_error
    | items.3.tarjeta_debito
    |   Value error, N·mero de tarjeta de dÚbito invßlido (Luhn checksum fallo) [type=value_error, input_value='5233-4227-9655-8337', input_type=str]
    |     For further information visit https://errors.pydantic.dev/2.13/v/value_error
    | items.4.tarjeta_credito
    |   Value error, N·mero de tarjeta de crÚdito invßlido (Luhn checksum fallo) [type=value_error, input_value='4532-6202-7550-2941', input_type=str]
    |     For further information visit https://errors.pydantic.dev/2.13/v/value_error
    | items.4.tarjeta_debito
    |   Value error, N·mero de tarjeta de dÚbito invßlido (Luhn checksum fallo) [type=value_error, input_value='5233-7399-9334-8570', input_type=str]
    |     For further information visit https://errors.pydantic.dev/2.13/v/value_error
    | items.5.tarjeta_credito
    |   Value error, N·mero de tarjeta de crÚdito invßlido (Luhn checksum fallo) [type=value_error, input_value='4532-5916-9438-5056', input_type=str]
    |     For further information visit https://errors.pydantic.dev/2.13/v/value_error
    | items.5.tarjeta_debito
    |   Value error, N·mero de tarjeta de dÚbito invßlido (Luhn checksum fallo) [type=value_error, input_value='5233-8483-8262-5885', input_type=str]
    |     For further information visit https://errors.pydantic.dev/2.13/v/value_error
    | items.6.tarjeta_credito
    |   Value error, N·mero de tarjeta de crÚdito invßlido (Luhn checksum fallo) [type=value_error, input_value='4532-7242-7358-4943', input_type=str]
    |     For further information visit https://errors.pydantic.dev/2.13/v/value_error
    | items.6.tarjeta_debito
    |   Value error, N·mero de tarjeta de dÚbito invßlido (Luhn checksum fallo) [type=value_error, input_value='5233-5901-4763-3198', input_type=str]
    |     For further information visit https://errors.pydantic.dev/2.13/v/value_error
    | items.7.tarjeta_credito
    |   Value error, N·mero de tarjeta de crÚdito invßlido (Luhn checksum fallo) [type=value_error, input_value='4532-1682-2727-5530', input_type=str]
    |     For further information visit https://errors.pydantic.dev/2.13/v/value_error
    | items.8.tarjeta_credito
    |   Value error, N·mero de tarjeta de crÚdito invßlido (Luhn checksum fallo) [type=value_error, input_value='4532-5323-9989-2579', input_type=str]
    |     For further information visit https://errors.pydantic.dev/2.13/v/value_error
    | items.8.tarjeta_debito
    |   Value error, N·mero de tarjeta de dÚbito invßlido (Luhn checksum fallo) [type=value_error, input_value='5233-5703-2812-6441', input_type=str]
    |     For further information visit https://errors.pydantic.dev/2.13/v/value_error
    | items.9.tarjeta_credito
    |   Value error, N·mero de tarjeta de crÚdito invßlido (Luhn checksum fallo) [type=value_error, input_value='4532-8052-9065-6720', input_type=str]
    |     For further information visit https://errors.pydantic.dev/2.13/v/value_error
    | items.9.tarjeta_debito
    |   Value error, N·mero de tarjeta de dÚbito invßlido (Luhn checksum fallo) [type=value_error, input_value='5233-5323-5438-4053', input_type=str]
    |     For further information visit https://errors.pydantic.dev/2.13/v/value_error
    +------------------------------------

The above exception was the direct cause of the following exception:

Traceback (most recent call last):
  File "C:\Users\hhoyos\AppData\Local\Programs\Python\Python314\Lib\site-packages\starlette\middleware\errors.py", line 164, in __call__
    await self.app(scope, receive, _send)
  File "C:\Users\hhoyos\AppData\Local\Programs\Python\Python314\Lib\site-packages\starlette\middleware\cors.py", line 96, in __call__
    await self.simple_response(scope, receive, send, request_headers=headers)
  File "C:\Users\hhoyos\AppData\Local\Programs\Python\Python314\Lib\site-packages\starlette\middleware\cors.py", line 154, in simple_response
    await self.app(scope, receive, send)
  File "C:\Users\hhoyos\AppData\Local\Programs\Python\Python314\Lib\site-packages\starlette\middleware\base.py", line 191, in __call__
    with recv_stream, send_stream, collapse_excgroups():
                                   ~~~~~~~~~~~~~~~~~~^^
  File "C:\Users\hhoyos\AppData\Local\Programs\Python\Python314\Lib\contextlib.py", line 162, in __exit__
    self.gen.throw(value)
    ~~~~~~~~~~~~~~^^^^^^^
  File "C:\Users\hhoyos\AppData\Local\Programs\Python\Python314\Lib\site-packages\starlette\_utils.py", line 87, in collapse_excgroups
    raise exc
  File "C:\Users\hhoyos\AppData\Local\Programs\Python\Python314\Lib\site-packages\starlette\middleware\base.py", line 193, in __call__
    response = await self.dispatch_func(request, call_next)
               ^^^^^^^^^^^^^^^^^^^^^^^^^^^^^^^^^^^^^^^^^^^^
  File "C:\proycato-de-areroinea\SkyAnalytics\backend\middleware\logging_middleware.py", line 18, in dispatch
    response = await call_next(request)
               ^^^^^^^^^^^^^^^^^^^^^^^^
  File "C:\Users\hhoyos\AppData\Local\Programs\Python\Python314\Lib\site-packages\starlette\middleware\base.py", line 168, in call_next
    raise app_exc from app_exc.__cause__ or app_exc.__context__
  File "C:\Users\hhoyos\AppData\Local\Programs\Python\Python314\Lib\site-packages\starlette\middleware\base.py", line 144, in coro
    await self.app(scope, receive_or_disconnect, send_no_error)
  File "C:\Users\hhoyos\AppData\Local\Programs\Python\Python314\Lib\site-packages\starlette\middleware\base.py", line 191, in __call__
    with recv_stream, send_stream, collapse_excgroups():
                                   ~~~~~~~~~~~~~~~~~~^^
  File "C:\Users\hhoyos\AppData\Local\Programs\Python\Python314\Lib\contextlib.py", line 162, in __exit__
    self.gen.throw(value)
    ~~~~~~~~~~~~~~^^^^^^^
  File "C:\Users\hhoyos\AppData\Local\Programs\Python\Python314\Lib\site-packages\starlette\_utils.py", line 87, in collapse_excgroups
    raise exc
  File "C:\Users\hhoyos\AppData\Local\Programs\Python\Python314\Lib\site-packages\starlette\middleware\base.py", line 193, in __call__
    response = await self.dispatch_func(request, call_next)
               ^^^^^^^^^^^^^^^^^^^^^^^^^^^^^^^^^^^^^^^^^^^^
  File "C:\Users\hhoyos\AppData\Local\Programs\Python\Python314\Lib\site-packages\slowapi\middleware.py", line 136, in dispatch
    response = await call_next(request)
               ^^^^^^^^^^^^^^^^^^^^^^^^
  File "C:\Users\hhoyos\AppData\Local\Programs\Python\Python314\Lib\site-packages\starlette\middleware\base.py", line 168, in call_next
    raise app_exc from app_exc.__cause__ or app_exc.__context__
  File "C:\Users\hhoyos\AppData\Local\Programs\Python\Python314\Lib\site-packages\starlette\middleware\base.py", line 144, in coro
    await self.app(scope, receive_or_disconnect, send_no_error)
  File "C:\Users\hhoyos\AppData\Local\Programs\Python\Python314\Lib\site-packages\starlette\middleware\exceptions.py", line 63, in __call__
    await wrap_app_handling_exceptions(self.app, conn)(scope, receive, send)
  File "C:\Users\hhoyos\AppData\Local\Programs\Python\Python314\Lib\site-packages\starlette\_exception_handler.py", line 53, in wrapped_app
    raise exc
  File "C:\Users\hhoyos\AppData\Local\Programs\Python\Python314\Lib\site-packages\starlette\_exception_handler.py", line 42, in wrapped_app
    await app(scope, receive, sender)
  File "C:\Users\hhoyos\AppData\Local\Programs\Python\Python314\Lib\site-packages\fastapi\middleware\asyncexitstack.py", line 18, in __call__
    await self.app(scope, receive, send)
  File "C:\Users\hhoyos\AppData\Local\Programs\Python\Python314\Lib\site-packages\starlette\routing.py", line 660, in __call__
    await self.middleware_stack(scope, receive, send)
  File "C:\Users\hhoyos\AppData\Local\Programs\Python\Python314\Lib\site-packages\starlette\routing.py", line 680, in app
    await route.handle(scope, receive, send)
  File "C:\Users\hhoyos\AppData\Local\Programs\Python\Python314\Lib\site-packages\starlette\routing.py", line 276, in handle
    await self.app(scope, receive, send)
  File "C:\Users\hhoyos\AppData\Local\Programs\Python\Python314\Lib\site-packages\fastapi\routing.py", line 134, in app
    await wrap_app_handling_exceptions(app, request)(scope, receive, send)
  File "C:\Users\hhoyos\AppData\Local\Programs\Python\Python314\Lib\site-packages\starlette\_exception_handler.py", line 53, in wrapped_app
    raise exc
  File "C:\Users\hhoyos\AppData\Local\Programs\Python\Python314\Lib\site-packages\starlette\_exception_handler.py", line 42, in wrapped_app
    await app(scope, receive, sender)
  File "C:\Users\hhoyos\AppData\Local\Programs\Python\Python314\Lib\site-packages\fastapi\routing.py", line 120, in app
    response = await f(request)
               ^^^^^^^^^^^^^^^^
  File "C:\Users\hhoyos\AppData\Local\Programs\Python\Python314\Lib\site-packages\fastapi\routing.py", line 674, in app
    raw_response = await run_endpoint_function(
                   ^^^^^^^^^^^^^^^^^^^^^^^^^^^^
    ...<3 lines>...
    )
    ^
  File "C:\Users\hhoyos\AppData\Local\Programs\Python\Python314\Lib\site-packages\fastapi\routing.py", line 328, in run_endpoint_function
    return await dependant.call(**values)
           ^^^^^^^^^^^^^^^^^^^^^^^^^^^^^^
  File "C:\proycato-de-areroinea\SkyAnalytics\backend\routers\pasajeros.py", line 86, in listar_pasajeros
    return PaginatedPasajeros(items=pasajeros, pagination=pagination)
  File "C:\Users\hhoyos\AppData\Local\Programs\Python\Python314\Lib\site-packages\pydantic\main.py", line 263, in __init__
    validated_self = self.__pydantic_validator__.validate_python(data, self_instance=self)
pydantic_core._pydantic_core.ValidationError: 18 validation errors for PaginatedPasajeros
items.0.tarjeta_credito
  Value error, N·mero de tarjeta de crÚdito invßlido (Luhn checksum fallo) [type=value_error, input_value='4532-2972-9383-2864', input_type=str]
    For further information visit https://errors.pydantic.dev/2.13/v/value_error
items.0.tarjeta_debito
  Value error, N·mero de tarjeta de dÚbito invßlido (Luhn checksum fallo) [type=value_error, input_value='5233-2995-2705-3961', input_type=str]
    For further information visit https://errors.pydantic.dev/2.13/v/value_error
items.1.tarjeta_credito
  Value error, N·mero de tarjeta de crÚdito invßlido (Luhn checksum fallo) [type=value_error, input_value='4532-7893-1157-5161', input_type=str]
    For further information visit https://errors.pydantic.dev/2.13/v/value_error
items.1.tarjeta_debito
  Value error, N·mero de tarjeta de dÚbito invßlido (Luhn checksum fallo) [type=value_error, input_value='5233-2861-9901-7234', input_type=str]
    For further information visit https://errors.pydantic.dev/2.13/v/value_error
items.2.tarjeta_debito
  Value error, N·mero de tarjeta de dÚbito invßlido (Luhn checksum fallo) [type=value_error, input_value='5233-5248-6615-2420', input_type=str]
    For further information visit https://errors.pydantic.dev/2.13/v/value_error
items.3.tarjeta_credito
  Value error, N·mero de tarjeta de crÚdito invßlido (Luhn checksum fallo) [type=value_error, input_value='4532-1379-5042-7895', input_type=str]
    For further information visit https://errors.pydantic.dev/2.13/v/value_error
items.3.tarjeta_debito
  Value error, N·mero de tarjeta de dÚbito invßlido (Luhn checksum fallo) [type=value_error, input_value='5233-4227-9655-8337', input_type=str]
    For further information visit https://errors.pydantic.dev/2.13/v/value_error
items.4.tarjeta_credito
  Value error, N·mero de tarjeta de crÚdito invßlido (Luhn checksum fallo) [type=value_error, input_value='4532-6202-7550-2941', input_type=str]
    For further information visit https://errors.pydantic.dev/2.13/v/value_error
items.4.tarjeta_debito
  Value error, N·mero de tarjeta de dÚbito invßlido (Luhn checksum fallo) [type=value_error, input_value='5233-7399-9334-8570', input_type=str]
    For further information visit https://errors.pydantic.dev/2.13/v/value_error
items.5.tarjeta_credito
  Value error, N·mero de tarjeta de crÚdito invßlido (Luhn checksum fallo) [type=value_error, input_value='4532-5916-9438-5056', input_type=str]
    For further information visit https://errors.pydantic.dev/2.13/v/value_error
items.5.tarjeta_debito
  Value error, N·mero de tarjeta de dÚbito invßlido (Luhn checksum fallo) [type=value_error, input_value='5233-8483-8262-5885', input_type=str]
    For further information visit https://errors.pydantic.dev/2.13/v/value_error
items.6.tarjeta_credito
  Value error, N·mero de tarjeta de crÚdito invßlido (Luhn checksum fallo) [type=value_error, input_value='4532-7242-7358-4943', input_type=str]
    For further information visit https://errors.pydantic.dev/2.13/v/value_error
items.6.tarjeta_debito
  Value error, N·mero de tarjeta de dÚbito invßlido (Luhn checksum fallo) [type=value_error, input_value='5233-5901-4763-3198', input_type=str]
    For further information visit https://errors.pydantic.dev/2.13/v/value_error
items.7.tarjeta_credito
  Value error, N·mero de tarjeta de crÚdito invßlido (Luhn checksum fallo) [type=value_error, input_value='4532-1682-2727-5530', input_type=str]
    For further information visit https://errors.pydantic.dev/2.13/v/value_error
items.8.tarjeta_credito
  Value error, N·mero de tarjeta de crÚdito invßlido (Luhn checksum fallo) [type=value_error, input_value='4532-5323-9989-2579', input_type=str]
    For further information visit https://errors.pydantic.dev/2.13/v/value_error
items.8.tarjeta_debito
  Value error, N·mero de tarjeta de dÚbito invßlido (Luhn checksum fallo) [type=value_error, input_value='5233-5703-2812-6441', input_type=str]
    For further information visit https://errors.pydantic.dev/2.13/v/value_error
items.9.tarjeta_credito
  Value error, N·mero de tarjeta de crÚdito invßlido (Luhn checksum fallo) [type=value_error, input_value='4532-8052-9065-6720', input_type=str]
    For further information visit https://errors.pydantic.dev/2.13/v/value_error
items.9.tarjeta_debito
  Value error, N·mero de tarjeta de dÚbito invßlido (Luhn checksum fallo) [type=value_error, input_value='5233-5323-5438-4053', input_type=str]
    For further information visit https://errors.pydantic.dev/2.13/v/value_error
INFO:     127.0.0.1:58108 - "GET /pasajeros?limit=50 HTTP/1.1" 500 Internal Server Error
ERROR:    Exception in ASGI application
  + Exception Group Traceback (most recent call last):
  |   File "C:\Users\hhoyos\AppData\Local\Programs\Python\Python314\Lib\site-packages\starlette\_utils.py", line 81, in collapse_excgroups
  |     yield
  |   File "C:\Users\hhoyos\AppData\Local\Programs\Python\Python314\Lib\site-packages\starlette\middleware\base.py", line 192, in __call__
  |     async with anyio.create_task_group() as task_group:
  |                ~~~~~~~~~~~~~~~~~~~~~~~^^
  |   File "C:\Users\hhoyos\AppData\Local\Programs\Python\Python314\Lib\site-packages\anyio\_backends\_asyncio.py", line 799, in __aexit__
  |     raise BaseExceptionGroup(
  |         "unhandled errors in a TaskGroup", self._exceptions
  |     ) from None
  | ExceptionGroup: unhandled errors in a TaskGroup (1 sub-exception)
  +-+---------------- 1 ----------------
    | Traceback (most recent call last):
    |   File "C:\Users\hhoyos\AppData\Local\Programs\Python\Python314\Lib\site-packages\uvicorn\protocols\http\httptools_impl.py", line 421, in run_asgi
    |     result = await app(  # type: ignore[func-returns-value]
    |              ^^^^^^^^^^^^^^^^^^^^^^^^^^^^^^^^^^^^^^^^^^^^^^
    |         self.scope, self.receive, self.send
    |         ^^^^^^^^^^^^^^^^^^^^^^^^^^^^^^^^^^^
    |     )
    |     ^
    |   File "C:\Users\hhoyos\AppData\Local\Programs\Python\Python314\Lib\site-packages\uvicorn\middleware\proxy_headers.py", line 56, in __call__
    |     return await self.app(scope, receive, send)
    |            ^^^^^^^^^^^^^^^^^^^^^^^^^^^^^^^^^^^^
    |   File "C:\Users\hhoyos\AppData\Local\Programs\Python\Python314\Lib\site-packages\fastapi\applications.py", line 1159, in __call__
    |     await super().__call__(scope, receive, send)
    |   File "C:\Users\hhoyos\AppData\Local\Programs\Python\Python314\Lib\site-packages\starlette\applications.py", line 90, in __call__
    |     await self.middleware_stack(scope, receive, send)
    |   File "C:\Users\hhoyos\AppData\Local\Programs\Python\Python314\Lib\site-packages\starlette\middleware\errors.py", line 186, in __call__
    |     raise exc
    |   File "C:\Users\hhoyos\AppData\Local\Programs\Python\Python314\Lib\site-packages\starlette\middleware\errors.py", line 164, in __call__
    |     await self.app(scope, receive, _send)
    |   File "C:\Users\hhoyos\AppData\Local\Programs\Python\Python314\Lib\site-packages\starlette\middleware\cors.py", line 96, in __call__
    |     await self.simple_response(scope, receive, send, request_headers=headers)
    |   File "C:\Users\hhoyos\AppData\Local\Programs\Python\Python314\Lib\site-packages\starlette\middleware\cors.py", line 154, in simple_response
    |     await self.app(scope, receive, send)
    |   File "C:\Users\hhoyos\AppData\Local\Programs\Python\Python314\Lib\site-packages\starlette\middleware\base.py", line 191, in __call__
    |     with recv_stream, send_stream, collapse_excgroups():
    |                                    ~~~~~~~~~~~~~~~~~~^^
    |   File "C:\Users\hhoyos\AppData\Local\Programs\Python\Python314\Lib\contextlib.py", line 162, in __exit__
    |     self.gen.throw(value)
    |     ~~~~~~~~~~~~~~^^^^^^^
    |   File "C:\Users\hhoyos\AppData\Local\Programs\Python\Python314\Lib\site-packages\starlette\_utils.py", line 87, in collapse_excgroups
    |     raise exc
    |   File "C:\Users\hhoyos\AppData\Local\Programs\Python\Python314\Lib\site-packages\starlette\middleware\base.py", line 193, in __call__
    |     response = await self.dispatch_func(request, call_next)
    |                ^^^^^^^^^^^^^^^^^^^^^^^^^^^^^^^^^^^^^^^^^^^^
    |   File "C:\proycato-de-areroinea\SkyAnalytics\backend\middleware\logging_middleware.py", line 18, in dispatch
    |     response = await call_next(request)
    |                ^^^^^^^^^^^^^^^^^^^^^^^^
    |   File "C:\Users\hhoyos\AppData\Local\Programs\Python\Python314\Lib\site-packages\starlette\middleware\base.py", line 168, in call_next
    |     raise app_exc from app_exc.__cause__ or app_exc.__context__
    |   File "C:\Users\hhoyos\AppData\Local\Programs\Python\Python314\Lib\site-packages\starlette\middleware\base.py", line 144, in coro
    |     await self.app(scope, receive_or_disconnect, send_no_error)
    |   File "C:\Users\hhoyos\AppData\Local\Programs\Python\Python314\Lib\site-packages\starlette\middleware\base.py", line 191, in __call__
    |     with recv_stream, send_stream, collapse_excgroups():
    |                                    ~~~~~~~~~~~~~~~~~~^^
    |   File "C:\Users\hhoyos\AppData\Local\Programs\Python\Python314\Lib\contextlib.py", line 162, in __exit__
    |     self.gen.throw(value)
    |     ~~~~~~~~~~~~~~^^^^^^^
    |   File "C:\Users\hhoyos\AppData\Local\Programs\Python\Python314\Lib\site-packages\starlette\_utils.py", line 87, in collapse_excgroups
    |     raise exc
    |   File "C:\Users\hhoyos\AppData\Local\Programs\Python\Python314\Lib\site-packages\starlette\middleware\base.py", line 193, in __call__
    |     response = await self.dispatch_func(request, call_next)
    |                ^^^^^^^^^^^^^^^^^^^^^^^^^^^^^^^^^^^^^^^^^^^^
    |   File "C:\Users\hhoyos\AppData\Local\Programs\Python\Python314\Lib\site-packages\slowapi\middleware.py", line 136, in dispatch
    |     response = await call_next(request)
    |                ^^^^^^^^^^^^^^^^^^^^^^^^
    |   File "C:\Users\hhoyos\AppData\Local\Programs\Python\Python314\Lib\site-packages\starlette\middleware\base.py", line 168, in call_next
    |     raise app_exc from app_exc.__cause__ or app_exc.__context__
    |   File "C:\Users\hhoyos\AppData\Local\Programs\Python\Python314\Lib\site-packages\starlette\middleware\base.py", line 144, in coro
    |     await self.app(scope, receive_or_disconnect, send_no_error)
    |   File "C:\Users\hhoyos\AppData\Local\Programs\Python\Python314\Lib\site-packages\starlette\middleware\exceptions.py", line 63, in __call__
    |     await wrap_app_handling_exceptions(self.app, conn)(scope, receive, send)
    |   File "C:\Users\hhoyos\AppData\Local\Programs\Python\Python314\Lib\site-packages\starlette\_exception_handler.py", line 53, in wrapped_app
    |     raise exc
    |   File "C:\Users\hhoyos\AppData\Local\Programs\Python\Python314\Lib\site-packages\starlette\_exception_handler.py", line 42, in wrapped_app
    |     await app(scope, receive, sender)
    |   File "C:\Users\hhoyos\AppData\Local\Programs\Python\Python314\Lib\site-packages\fastapi\middleware\asyncexitstack.py", line 18, in __call__
    |     await self.app(scope, receive, send)
    |   File "C:\Users\hhoyos\AppData\Local\Programs\Python\Python314\Lib\site-packages\starlette\routing.py", line 660, in __call__
    |     await self.middleware_stack(scope, receive, send)
    |   File "C:\Users\hhoyos\AppData\Local\Programs\Python\Python314\Lib\site-packages\starlette\routing.py", line 680, in app
    |     await route.handle(scope, receive, send)
    |   File "C:\Users\hhoyos\AppData\Local\Programs\Python\Python314\Lib\site-packages\starlette\routing.py", line 276, in handle
    |     await self.app(scope, receive, send)
    |   File "C:\Users\hhoyos\AppData\Local\Programs\Python\Python314\Lib\site-packages\fastapi\routing.py", line 134, in app
    |     await wrap_app_handling_exceptions(app, request)(scope, receive, send)
    |   File "C:\Users\hhoyos\AppData\Local\Programs\Python\Python314\Lib\site-packages\starlette\_exception_handler.py", line 53, in wrapped_app
    |     raise exc
    |   File "C:\Users\hhoyos\AppData\Local\Programs\Python\Python314\Lib\site-packages\starlette\_exception_handler.py", line 42, in wrapped_app
    |     await app(scope, receive, sender)
    |   File "C:\Users\hhoyos\AppData\Local\Programs\Python\Python314\Lib\site-packages\fastapi\routing.py", line 120, in app
    |     response = await f(request)
    |                ^^^^^^^^^^^^^^^^
    |   File "C:\Users\hhoyos\AppData\Local\Programs\Python\Python314\Lib\site-packages\fastapi\routing.py", line 674, in app
    |     raw_response = await run_endpoint_function(
    |                    ^^^^^^^^^^^^^^^^^^^^^^^^^^^^
    |     ...<3 lines>...
    |     )
    |     ^
    |   File "C:\Users\hhoyos\AppData\Local\Programs\Python\Python314\Lib\site-packages\fastapi\routing.py", line 328, in run_endpoint_function
    |     return await dependant.call(**values)
    |            ^^^^^^^^^^^^^^^^^^^^^^^^^^^^^^
    |   File "C:\proycato-de-areroinea\SkyAnalytics\backend\routers\pasajeros.py", line 86, in listar_pasajeros
    |     return PaginatedPasajeros(items=pasajeros, pagination=pagination)
    |   File "C:\Users\hhoyos\AppData\Local\Programs\Python\Python314\Lib\site-packages\pydantic\main.py", line 263, in __init__
    |     validated_self = self.__pydantic_validator__.validate_python(data, self_instance=self)
    | pydantic_core._pydantic_core.ValidationError: 18 validation errors for PaginatedPasajeros
    | items.0.tarjeta_credito
    |   Value error, N·mero de tarjeta de crÚdito invßlido (Luhn checksum fallo) [type=value_error, input_value='4532-2972-9383-2864', input_type=str]
    |     For further information visit https://errors.pydantic.dev/2.13/v/value_error
    | items.0.tarjeta_debito
    |   Value error, N·mero de tarjeta de dÚbito invßlido (Luhn checksum fallo) [type=value_error, input_value='5233-2995-2705-3961', input_type=str]
    |     For further information visit https://errors.pydantic.dev/2.13/v/value_error
    | items.1.tarjeta_credito
    |   Value error, N·mero de tarjeta de crÚdito invßlido (Luhn checksum fallo) [type=value_error, input_value='4532-7893-1157-5161', input_type=str]
    |     For further information visit https://errors.pydantic.dev/2.13/v/value_error
    | items.1.tarjeta_debito
    |   Value error, N·mero de tarjeta de dÚbito invßlido (Luhn checksum fallo) [type=value_error, input_value='5233-2861-9901-7234', input_type=str]
    |     For further information visit https://errors.pydantic.dev/2.13/v/value_error
    | items.2.tarjeta_debito
    |   Value error, N·mero de tarjeta de dÚbito invßlido (Luhn checksum fallo) [type=value_error, input_value='5233-5248-6615-2420', input_type=str]
    |     For further information visit https://errors.pydantic.dev/2.13/v/value_error
    | items.3.tarjeta_credito
    |   Value error, N·mero de tarjeta de crÚdito invßlido (Luhn checksum fallo) [type=value_error, input_value='4532-1379-5042-7895', input_type=str]
    |     For further information visit https://errors.pydantic.dev/2.13/v/value_error
    | items.3.tarjeta_debito
    |   Value error, N·mero de tarjeta de dÚbito invßlido (Luhn checksum fallo) [type=value_error, input_value='5233-4227-9655-8337', input_type=str]
    |     For further information visit https://errors.pydantic.dev/2.13/v/value_error
    | items.4.tarjeta_credito
    |   Value error, N·mero de tarjeta de crÚdito invßlido (Luhn checksum fallo) [type=value_error, input_value='4532-6202-7550-2941', input_type=str]
    |     For further information visit https://errors.pydantic.dev/2.13/v/value_error
    | items.4.tarjeta_debito
    |   Value error, N·mero de tarjeta de dÚbito invßlido (Luhn checksum fallo) [type=value_error, input_value='5233-7399-9334-8570', input_type=str]
    |     For further information visit https://errors.pydantic.dev/2.13/v/value_error
    | items.5.tarjeta_credito
    |   Value error, N·mero de tarjeta de crÚdito invßlido (Luhn checksum fallo) [type=value_error, input_value='4532-5916-9438-5056', input_type=str]
    |     For further information visit https://errors.pydantic.dev/2.13/v/value_error
    | items.5.tarjeta_debito
    |   Value error, N·mero de tarjeta de dÚbito invßlido (Luhn checksum fallo) [type=value_error, input_value='5233-8483-8262-5885', input_type=str]
    |     For further information visit https://errors.pydantic.dev/2.13/v/value_error
    | items.6.tarjeta_credito
    |   Value error, N·mero de tarjeta de crÚdito invßlido (Luhn checksum fallo) [type=value_error, input_value='4532-7242-7358-4943', input_type=str]
    |     For further information visit https://errors.pydantic.dev/2.13/v/value_error
    | items.6.tarjeta_debito
    |   Value error, N·mero de tarjeta de dÚbito invßlido (Luhn checksum fallo) [type=value_error, input_value='5233-5901-4763-3198', input_type=str]
    |     For further information visit https://errors.pydantic.dev/2.13/v/value_error
    | items.7.tarjeta_credito
    |   Value error, N·mero de tarjeta de crÚdito invßlido (Luhn checksum fallo) [type=value_error, input_value='4532-1682-2727-5530', input_type=str]
    |     For further information visit https://errors.pydantic.dev/2.13/v/value_error
    | items.8.tarjeta_credito
    |   Value error, N·mero de tarjeta de crÚdito invßlido (Luhn checksum fallo) [type=value_error, input_value='4532-5323-9989-2579', input_type=str]
    |     For further information visit https://errors.pydantic.dev/2.13/v/value_error
    | items.8.tarjeta_debito
    |   Value error, N·mero de tarjeta de dÚbito invßlido (Luhn checksum fallo) [type=value_error, input_value='5233-5703-2812-6441', input_type=str]
    |     For further information visit https://errors.pydantic.dev/2.13/v/value_error
    | items.9.tarjeta_credito
    |   Value error, N·mero de tarjeta de crÚdito invßlido (Luhn checksum fallo) [type=value_error, input_value='4532-8052-9065-6720', input_type=str]
    |     For further information visit https://errors.pydantic.dev/2.13/v/value_error
    | items.9.tarjeta_debito
    |   Value error, N·mero de tarjeta de dÚbito invßlido (Luhn checksum fallo) [type=value_error, input_value='5233-5323-5438-4053', input_type=str]
    |     For further information visit https://errors.pydantic.dev/2.13/v/value_error
    +------------------------------------

The above exception was the direct cause of the following exception:

Traceback (most recent call last):
  File "C:\Users\hhoyos\AppData\Local\Programs\Python\Python314\Lib\site-packages\uvicorn\protocols\http\httptools_impl.py", line 421, in run_asgi
    result = await app(  # type: ignore[func-returns-value]
             ^^^^^^^^^^^^^^^^^^^^^^^^^^^^^^^^^^^^^^^^^^^^^^
        self.scope, self.receive, self.send
        ^^^^^^^^^^^^^^^^^^^^^^^^^^^^^^^^^^^
    )
    ^
  File "C:\Users\hhoyos\AppData\Local\Programs\Python\Python314\Lib\site-packages\uvicorn\middleware\proxy_headers.py", line 56, in __call__
    return await self.app(scope, receive, send)
           ^^^^^^^^^^^^^^^^^^^^^^^^^^^^^^^^^^^^
  File "C:\Users\hhoyos\AppData\Local\Programs\Python\Python314\Lib\site-packages\fastapi\applications.py", line 1159, in __call__
    await super().__call__(scope, receive, send)
  File "C:\Users\hhoyos\AppData\Local\Programs\Python\Python314\Lib\site-packages\starlette\applications.py", line 90, in __call__
    await self.middleware_stack(scope, receive, send)
  File "C:\Users\hhoyos\AppData\Local\Programs\Python\Python314\Lib\site-packages\starlette\middleware\errors.py", line 186, in __call__
    raise exc
  File "C:\Users\hhoyos\AppData\Local\Programs\Python\Python314\Lib\site-packages\starlette\middleware\errors.py", line 164, in __call__
    await self.app(scope, receive, _send)
  File "C:\Users\hhoyos\AppData\Local\Programs\Python\Python314\Lib\site-packages\starlette\middleware\cors.py", line 96, in __call__
    await self.simple_response(scope, receive, send, request_headers=headers)
  File "C:\Users\hhoyos\AppData\Local\Programs\Python\Python314\Lib\site-packages\starlette\middleware\cors.py", line 154, in simple_response
    await self.app(scope, receive, send)
  File "C:\Users\hhoyos\AppData\Local\Programs\Python\Python314\Lib\site-packages\starlette\middleware\base.py", line 191, in __call__
    with recv_stream, send_stream, collapse_excgroups():
                                   ~~~~~~~~~~~~~~~~~~^^
  File "C:\Users\hhoyos\AppData\Local\Programs\Python\Python314\Lib\contextlib.py", line 162, in __exit__
    self.gen.throw(value)
    ~~~~~~~~~~~~~~^^^^^^^
  File "C:\Users\hhoyos\AppData\Local\Programs\Python\Python314\Lib\site-packages\starlette\_utils.py", line 87, in collapse_excgroups
    raise exc
  File "C:\Users\hhoyos\AppData\Local\Programs\Python\Python314\Lib\site-packages\starlette\middleware\base.py", line 193, in __call__
    response = await self.dispatch_func(request, call_next)
               ^^^^^^^^^^^^^^^^^^^^^^^^^^^^^^^^^^^^^^^^^^^^
  File "C:\proycato-de-areroinea\SkyAnalytics\backend\middleware\logging_middleware.py", line 18, in dispatch
    response = await call_next(request)
               ^^^^^^^^^^^^^^^^^^^^^^^^
  File "C:\Users\hhoyos\AppData\Local\Programs\Python\Python314\Lib\site-packages\starlette\middleware\base.py", line 168, in call_next
    raise app_exc from app_exc.__cause__ or app_exc.__context__
  File "C:\Users\hhoyos\AppData\Local\Programs\Python\Python314\Lib\site-packages\starlette\middleware\base.py", line 144, in coro
    await self.app(scope, receive_or_disconnect, send_no_error)
  File "C:\Users\hhoyos\AppData\Local\Programs\Python\Python314\Lib\site-packages\starlette\middleware\base.py", line 191, in __call__
    with recv_stream, send_stream, collapse_excgroups():
                                   ~~~~~~~~~~~~~~~~~~^^
  File "C:\Users\hhoyos\AppData\Local\Programs\Python\Python314\Lib\contextlib.py", line 162, in __exit__
    self.gen.throw(value)
    ~~~~~~~~~~~~~~^^^^^^^
  File "C:\Users\hhoyos\AppData\Local\Programs\Python\Python314\Lib\site-packages\starlette\_utils.py", line 87, in collapse_excgroups
    raise exc
  File "C:\Users\hhoyos\AppData\Local\Programs\Python\Python314\Lib\site-packages\starlette\middleware\base.py", line 193, in __call__
    response = await self.dispatch_func(request, call_next)
               ^^^^^^^^^^^^^^^^^^^^^^^^^^^^^^^^^^^^^^^^^^^^
  File "C:\Users\hhoyos\AppData\Local\Programs\Python\Python314\Lib\site-packages\slowapi\middleware.py", line 136, in dispatch
    response = await call_next(request)
               ^^^^^^^^^^^^^^^^^^^^^^^^
  File "C:\Users\hhoyos\AppData\Local\Programs\Python\Python314\Lib\site-packages\starlette\middleware\base.py", line 168, in call_next
    raise app_exc from app_exc.__cause__ or app_exc.__context__
  File "C:\Users\hhoyos\AppData\Local\Programs\Python\Python314\Lib\site-packages\starlette\middleware\base.py", line 144, in coro
    await self.app(scope, receive_or_disconnect, send_no_error)
  File "C:\Users\hhoyos\AppData\Local\Programs\Python\Python314\Lib\site-packages\starlette\middleware\exceptions.py", line 63, in __call__
    await wrap_app_handling_exceptions(self.app, conn)(scope, receive, send)
  File "C:\Users\hhoyos\AppData\Local\Programs\Python\Python314\Lib\site-packages\starlette\_exception_handler.py", line 53, in wrapped_app
    raise exc
  File "C:\Users\hhoyos\AppData\Local\Programs\Python\Python314\Lib\site-packages\starlette\_exception_handler.py", line 42, in wrapped_app
    await app(scope, receive, sender)
  File "C:\Users\hhoyos\AppData\Local\Programs\Python\Python314\Lib\site-packages\fastapi\middleware\asyncexitstack.py", line 18, in __call__
    await self.app(scope, receive, send)
  File "C:\Users\hhoyos\AppData\Local\Programs\Python\Python314\Lib\site-packages\starlette\routing.py", line 660, in __call__
    await self.middleware_stack(scope, receive, send)
  File "C:\Users\hhoyos\AppData\Local\Programs\Python\Python314\Lib\site-packages\starlette\routing.py", line 680, in app
    await route.handle(scope, receive, send)
  File "C:\Users\hhoyos\AppData\Local\Programs\Python\Python314\Lib\site-packages\starlette\routing.py", line 276, in handle
    await self.app(scope, receive, send)
  File "C:\Users\hhoyos\AppData\Local\Programs\Python\Python314\Lib\site-packages\fastapi\routing.py", line 134, in app
    await wrap_app_handling_exceptions(app, request)(scope, receive, send)
  File "C:\Users\hhoyos\AppData\Local\Programs\Python\Python314\Lib\site-packages\starlette\_exception_handler.py", line 53, in wrapped_app
    raise exc
  File "C:\Users\hhoyos\AppData\Local\Programs\Python\Python314\Lib\site-packages\starlette\_exception_handler.py", line 42, in wrapped_app
    await app(scope, receive, sender)
  File "C:\Users\hhoyos\AppData\Local\Programs\Python\Python314\Lib\site-packages\fastapi\routing.py", line 120, in app
    response = await f(request)
               ^^^^^^^^^^^^^^^^
  File "C:\Users\hhoyos\AppData\Local\Programs\Python\Python314\Lib\site-packages\fastapi\routing.py", line 674, in app
    raw_response = await run_endpoint_function(
                   ^^^^^^^^^^^^^^^^^^^^^^^^^^^^
    ...<3 lines>...
    )
    ^
  File "C:\Users\hhoyos\AppData\Local\Programs\Python\Python314\Lib\site-packages\fastapi\routing.py", line 328, in run_endpoint_function
    return await dependant.call(**values)
           ^^^^^^^^^^^^^^^^^^^^^^^^^^^^^^
  File "C:\proycato-de-areroinea\SkyAnalytics\backend\routers\pasajeros.py", line 86, in listar_pasajeros
    return PaginatedPasajeros(items=pasajeros, pagination=pagination)
  File "C:\Users\hhoyos\AppData\Local\Programs\Python\Python314\Lib\site-packages\pydantic\main.py", line 263, in __init__
    validated_self = self.__pydantic_validator__.validate_python(data, self_instance=self)
pydantic_core._pydantic_core.ValidationError: 18 validation errors for PaginatedPasajeros
items.0.tarjeta_credito
  Value error, N·mero de tarjeta de crÚdito invßlido (Luhn checksum fallo) [type=value_error, input_value='4532-2972-9383-2864', input_type=str]
    For further information visit https://errors.pydantic.dev/2.13/v/value_error
items.0.tarjeta_debito
  Value error, N·mero de tarjeta de dÚbito invßlido (Luhn checksum fallo) [type=value_error, input_value='5233-2995-2705-3961', input_type=str]
    For further information visit https://errors.pydantic.dev/2.13/v/value_error
items.1.tarjeta_credito
  Value error, N·mero de tarjeta de crÚdito invßlido (Luhn checksum fallo) [type=value_error, input_value='4532-7893-1157-5161', input_type=str]
    For further information visit https://errors.pydantic.dev/2.13/v/value_error
items.1.tarjeta_debito
  Value error, N·mero de tarjeta de dÚbito invßlido (Luhn checksum fallo) [type=value_error, input_value='5233-2861-9901-7234', input_type=str]
    For further information visit https://errors.pydantic.dev/2.13/v/value_error
items.2.tarjeta_debito
  Value error, N·mero de tarjeta de dÚbito invßlido (Luhn checksum fallo) [type=value_error, input_value='5233-5248-6615-2420', input_type=str]
    For further information visit https://errors.pydantic.dev/2.13/v/value_error
items.3.tarjeta_credito
  Value error, N·mero de tarjeta de crÚdito invßlido (Luhn checksum fallo) [type=value_error, input_value='4532-1379-5042-7895', input_type=str]
    For further information visit https://errors.pydantic.dev/2.13/v/value_error
items.3.tarjeta_debito
  Value error, N·mero de tarjeta de dÚbito invßlido (Luhn checksum fallo) [type=value_error, input_value='5233-4227-9655-8337', input_type=str]
    For further information visit https://errors.pydantic.dev/2.13/v/value_error
items.4.tarjeta_credito
  Value error, N·mero de tarjeta de crÚdito invßlido (Luhn checksum fallo) [type=value_error, input_value='4532-6202-7550-2941', input_type=str]
    For further information visit https://errors.pydantic.dev/2.13/v/value_error
items.4.tarjeta_debito
  Value error, N·mero de tarjeta de dÚbito invßlido (Luhn checksum fallo) [type=value_error, input_value='5233-7399-9334-8570', input_type=str]
    For further information visit https://errors.pydantic.dev/2.13/v/value_error
items.5.tarjeta_credito
  Value error, N·mero de tarjeta de crÚdito invßlido (Luhn checksum fallo) [type=value_error, input_value='4532-5916-9438-5056', input_type=str]
    For further information visit https://errors.pydantic.dev/2.13/v/value_error
items.5.tarjeta_debito
  Value error, N·mero de tarjeta de dÚbito invßlido (Luhn checksum fallo) [type=value_error, input_value='5233-8483-8262-5885', input_type=str]
    For further information visit https://errors.pydantic.dev/2.13/v/value_error
items.6.tarjeta_credito
  Value error, N·mero de tarjeta de crÚdito invßlido (Luhn checksum fallo) [type=value_error, input_value='4532-7242-7358-4943', input_type=str]
    For further information visit https://errors.pydantic.dev/2.13/v/value_error
items.6.tarjeta_debito
  Value error, N·mero de tarjeta de dÚbito invßlido (Luhn checksum fallo) [type=value_error, input_value='5233-5901-4763-3198', input_type=str]
    For further information visit https://errors.pydantic.dev/2.13/v/value_error
items.7.tarjeta_credito
  Value error, N·mero de tarjeta de crÚdito invßlido (Luhn checksum fallo) [type=value_error, input_value='4532-1682-2727-5530', input_type=str]
    For further information visit https://errors.pydantic.dev/2.13/v/value_error
items.8.tarjeta_credito
  Value error, N·mero de tarjeta de crÚdito invßlido (Luhn checksum fallo) [type=value_error, input_value='4532-5323-9989-2579', input_type=str]
    For further information visit https://errors.pydantic.dev/2.13/v/value_error
items.8.tarjeta_debito
  Value error, N·mero de tarjeta de dÚbito invßlido (Luhn checksum fallo) [type=value_error, input_value='5233-5703-2812-6441', input_type=str]
    For further information visit https://errors.pydantic.dev/2.13/v/value_error
items.9.tarjeta_credito
  Value error, N·mero de tarjeta de crÚdito invßlido (Luhn checksum fallo) [type=value_error, input_value='4532-8052-9065-6720', input_type=str]
    For further information visit https://errors.pydantic.dev/2.13/v/value_error
items.9.tarjeta_debito
  Value error, N·mero de tarjeta de dÚbito invßlido (Luhn checksum fallo) [type=value_error, input_value='5233-5323-5438-4053', input_type=str]
    For further information visit https://errors.pydantic.dev/2.13/v/value_error
WARNING:  WatchFiles detected changes in 'schemas\pasajero.py'. Reloading...
